<?xml version="1.0" encoding="UTF-8" standalone="no"?>
<BlockMap xmlns="http://schemas.microsoft.com/appx/2010/blockmap" xmlns:b4="http://schemas.microsoft.com/appx/2021/blockmap" IgnorableNamespaces="b4" HashMethod="http://www.w3.org/2001/04/xmlenc#sha256"><File Name="cpprest142_2_10.dll" Size="1072640" LfhSize="49"><Block Hash="y1X9BCmpaeKVEOuvXM3TWPdUSDqBPYqDGdVGioshrNE=" Size="29632"/><Block Hash="bv+4WVgZk8JNpIEmnv52rPeHZ/op+6x6z8BZT1WSmhQ=" Size="20038"/><Block Hash="XjXHFbIW8wLzjoGWZDzCw0gdVsrZcyganc5gXbfqH0s=" Size="25956"/><Block Hash="WriGGl33kvMmWG3Tn7yhDZI5T05PZf2snCAjF8q3oxI=" Size="24498"/><Block Hash="hGM7NMQSdqdOqHDHD/Oe0wmiAKw/5anM8k9IM/zw47I=" Size="28592"/><Block Hash="/KkuCDdvThcBpaBmyowVghgwsV5SGoWn1HcCYxUMptw=" Size="29191"/><Block Hash="18/FH8z+iwsCidi1VgYyOTDKEmdnwRvrV+IbVuXHJ9M=" Size="28671"/><Block Hash="rpExhG+RRwUjOB2yhI7sJFWyKbViycReoKwrg0OlML8=" Size="25924"/><Block Hash="+wjVqNq/E/ZZ1MPy0lW+20ylCbxhucZ5YgFMw3QZF1A=" Size="18561"/><Block Hash="LQ5rthtFu40Y93tpTbbMnBe07PTUWYCLQBkk7e57oMk=" Size="22558"/><Block Hash="wvXkeDEMZ6vj56CvTIECHr16GDcX7KzI7PA70U59hj4=" Size="15936"/><Block Hash="gdzH4eK7Pz1N3E10EgKRJLgYCGQBJrusarv4nhWSvds=" Size="16567"/><Block Hash="wDaHwMU5BgcXuMzrhlqtxkeJL3L/IcPetWupP3TmAVg=" Size="30320"/><Block Hash="lp1Evr73pM8uL/HrIdFm9GDGPsepg+6aco1r+bWnbgc=" Size="10754"/><Block Hash="R5rFa452OqmZKjC0ybptmRE1b2v99tIhn0t+nTNzZoo=" Size="10630"/><Block Hash="0S9UeR24YER/13tfhmnHyFAH2N4qceffCOBQtdDQ3yc=" Size="16799"/><Block Hash="zx1QmEb722kR1DYcHnIlaH+fDa5o6PUYVQUJP9qQkis=" Size="8469"/><b4:FileHash Hash="45xUDPg5Iwhb3A22JpzpszDMol1LHjNVgt+G+nMkCwA="/></File><File Name="msvcp140_1_app.dll" Size="10240" LfhSize="48"><Block Hash="XA1+LJNJWRlVTuc+gVkplA5it/Z1TjMPmaJLiMJae+g=" Size="4294"/></File><File Name="msvcp140_2_app.dll" Size="12288" LfhSize="48"><Block Hash="ibXDa7BtL0lQXvjOglfK2b4YjryYC1S5Q/rs+iF2Z4s=" Size="4794"/></File><File Name="msvcp140_app.dll" Size="250880" LfhSize="46"><Block Hash="fMDjXieuka+bWxLvnIvmWski7+ur6wAQ0V1t5HasiyY=" Size="16627"/><Block Hash="aoxSO6LMNFBP0+0RzeXvQAy2OHkfAfRtK76MZWxTspE=" Size="4968"/><Block Hash="NniG4FMwCQb9TRaeZ/UWkhsT22EGb3MeVcdABzSw/pY=" Size="3564"/><Block Hash="IrsnNsdsN3u22KmWQ7SqFMoWtsAE2OvM5KFUTsiSxrg=" Size="5562"/><b4:FileHash Hash="L7H+kVmEcwf2CElYZA/caUaj7oQgGAEY959n7K/LI/g="/></File><File Name="concrt140_app.dll" Size="49152" LfhSize="47"><Block Hash="KkPPZN8CW4eiQeODqUYjfkm1z1rhHt0+xV5eJoJedHE=" Size="10350"/></File><File Name="vcamp140_app.dll" Size="37888" LfhSize="46"><Block Hash="V5PWCu79IdmDY7n3kzHTHVezjL+KcBPh7SKMpZPwEUc=" Size="8299"/></File><File Name="vcruntime140_app.dll" Size="13824" LfhSize="50"><Block Hash="ZmLw4zGlWTu02QFOuagwijiP3aHHx1m/BKMU/ImSTf4=" Size="5406"/></File><File Name="vcruntime140_1_app.dll" Size="9728" LfhSize="52"><Block Hash="PV4g/To0gm0M/FVCpatD1OH8YKzqM9tI0QC39gHMp4g=" Size="4178"/></File><File Name="vcomp140_app.dll" Size="16384" LfhSize="46"><Block Hash="ctM09vuOuVp8jRVenEKTfZBiUwMHMJ7CuQ8rqVQdOhM=" Size="5765"/></File><File Name="vccorlib140_app.dll" Size="41984" LfhSize="49"><Block Hash="VewRleYQ2RSIO5DNKPj9yckEe2cUhf1Br32Y76U1XVQ=" Size="9451"/></File><File Name="Microsoft.Toolkit.Win32.UI.XamlHost.winmd" Size="11984" LfhSize="71"><Block Hash="e8T1cDYBxIROuPRFnUdhVw0PCLFvQdh/1smFHGk0ct4=" Size="7062"/></File><File Name="Microsoft.Toolkit.Win32.UI.XamlHost.dll" Size="110800" LfhSize="69"><Block Hash="dU48cUdlEODoxuqEUievS1j0UBkwmN0UTr/7nYsw2/c=" Size="23889"/><Block Hash="fnY6JOxuZ8BLa0YQVTf8X3/UGpmikGdVbXvygCkfaRk=" Size="11438"/><b4:FileHash Hash="mKh5FON2AMf5eifKYDprmU3VH/05DOWzTgc5OdJYwvQ="/></File><File Name="TerminalThemeHelpers.dll" Size="40960" LfhSize="54"><Block Hash="E/nRVirmTerZ2c2aPu0hAK+zCbD+TyIfq8UIpbH4DAo=" Size="19985"/></File><File Name="Microsoft.UI.Xaml.winmd" Size="289696" LfhSize="53"><Block Hash="Ons5eUFtSBSO7JXyHCMgwhZOK2YTeRAgCdGJgITKF4E=" Size="22706"/><Block Hash="7y/cPEcw3bhAdRF0PPTUJRVz5nzWGHlhyRPWBa3Z5FQ=" Size="20504"/><Block Hash="c1sasygdGp/JsjbYm9+zO9ibgSCSYOqQOFL0ORNdDb8=" Size="27424"/><Block Hash="BEce32e+gfq6hESGYXOrarqjD5t1hyScGB6hA/WzhFQ=" Size="19052"/><Block Hash="UQBWeVxm5VmRSjLXPdAaovDPhay1bRydZo39MgfCDxk=" Size="10378"/><b4:FileHash Hash="SWoPuzx3QhAXMYZyBdUCjCVOi6dhSzOBxzBJK8VwrqY="/></File><File Name="CascadiaMonoItalic.ttf" Size="427072" LfhSize="52"><Block Hash="KTBAoI31BDUp4grI6gRT5rT0JfYdHasQeNlNaFV0x9o=" Size="35374"/><Block Hash="1vPkLpK0N8IP2aFzvoNR/DGUSsmV8wFWtnlhmnq2aRE=" Size="34162"/><Block Hash="yGvIydc+hP/NIH3FImtqLvqAarPSy0ljPmWiKadUaoY=" Size="19021"/><Block Hash="of6GytcA8Mz28w3Tr35yCQZffyi0mgteznKFAzh57f0=" Size="30344"/><Block Hash="EAxfxYmof4RmuDK9q3SFQBjdhAGA96AtM9D3MWv+9rE=" Size="39791"/><Block Hash="SQOLfx6orA5wYT2hEthrEBx7hknB7tI6EupCPsh/PyA=" Size="20550"/><Block Hash="pZrvdd8tXkYFpzRC07yt1A5WeRWe894rZ2g45eZ0YFU=" Size="11452"/><b4:FileHash Hash="u+32V8/FToW3XIS2iUg0vERu5I5GZKxpVLrxzVYa3fk="/></File><File Name="CascadiaMono.ttf" Size="624892" LfhSize="46"><Block Hash="fbKaeNrQcyg5+1zDpVVHvf2JUX8+Z9gN3TcEx5Loxz4=" Size="33413"/><Block Hash="OZqHP4Bjm47GN2Xmcx1E3Ne2+sk13fnXwOf5beDDI9o=" Size="31478"/><Block Hash="pEn3cGqKzgMcU5jYVD01UZlGJgTXIJXlytdbRn6wibU=" Size="33774"/><Block Hash="ccYFCXLDUPxdP6xsnd26Cgq7CE5e0YNcTQKVlQxf57g=" Size="19044"/><Block Hash="+T+yAF66Hk7EycCuBMRUYKxKNSv6cn9BEsI/IGRVtX4=" Size="27618"/><Block Hash="KiWv/46rm/1mF23uUzk2lG007eRPBrnD6iIbVMR1qqA=" Size="30992"/><Block Hash="gsSgBhd79GMojrXfJF8+v1Q4RxDtdp50nZEpkwBMFqA=" Size="32018"/><Block Hash="1MBTfsttgktSwDTVFvTkhC8yCoV1rmV8sMlCQBPUqoI=" Size="30764"/><Block Hash="v0ph25vM/3tWFimq0/LynIiD8e6HixZTyJUrzginGzQ=" Size="17500"/><Block Hash="MizTbjSEgK6hIpD9rjryoDpJhj9Pwk30zRUkn/HC1/8=" Size="14699"/><b4:FileHash Hash="FlWEI6RzT6j/5Tdjrj5qTmuVddHVLLvI44iLRNcz9c4="/></File><File Name="CascadiaCodeItalic.ttf" Size="443804" LfhSize="52"><Block Hash="vk8IJ69UXABHYvMW0BgOKMU9+ejZFQOPvsGXuecDq+M=" Size="35374"/><Block Hash="1vPkLpK0N8IP2aFzvoNR/DGUSsmV8wFWtnlhmnq2aRE=" Size="34162"/><Block Hash="yGvIydc+hP/NIH3FImtqLvqAarPSy0ljPmWiKadUaoY=" Size="19021"/><Block Hash="eoTrYqAShygH4fTAljzzvrzHLV+84O1NaHrvEtxfj6k=" Size="27726"/><Block Hash="BXbsMR2Y9iiDFptqwzNDfwZrmOvNJoANQdZGu21TRN8=" Size="40015"/><Block Hash="2Tz9ziJgN2Hu+RfcBNvsc8PUJhoMAQeAe1eK+Z+AK/o=" Size="29749"/><Block Hash="p3rV2nXbzmL68osVcolzI2o8jEAzlLqbx+WTEuyLPic=" Size="12123"/><b4:FileHash Hash="jxRzQC4qfnxPpHi7GkKuYnhh15ft1PJyrdTAP4his5k="/></File><File Name="CascadiaCode.ttf" Size="648732" LfhSize="46"><Block Hash="UuHJU8A2x0xyTndAvgClpnA/N309ie3gjauRiaVIZwc=" Size="33415"/><Block Hash="OZqHP4Bjm47GN2Xmcx1E3Ne2+sk13fnXwOf5beDDI9o=" Size="31478"/><Block Hash="pEn3cGqKzgMcU5jYVD01UZlGJgTXIJXlytdbRn6wibU=" Size="33774"/><Block Hash="ccYFCXLDUPxdP6xsnd26Cgq7CE5e0YNcTQKVlQxf57g=" Size="19044"/><Block Hash="NA6qKcuczGRsg5IVcuxmnciy9rBfUWKTRIT8Qd5wu+E=" Size="27615"/><Block Hash="6Xg3y5j6aXh7ICV/T5eug1Ug7+pPDMHLHF9IL1o+6I4=" Size="28243"/><Block Hash="OG1T5jTg3+POVHVbrb1vAF02hOhWfJGNOkrhbsnVc8k=" Size="36460"/><Block Hash="2kzW8fdY0eLWpGP7pRC6J9Ds40CXDm29Ns0v2pCbbBk=" Size="24748"/><Block Hash="DF4gFI5ReYxo7vxtp4nqaj4B3pCaysXOX5LwKYPty3o=" Size="30753"/><Block Hash="1m4U2YR4b7MOQew5Dre8T9IDtZy3BHKWwiwbiLUnyNk=" Size="15720"/><b4:FileHash Hash="bMImJUcgotsFnWr0s/37IR6k8JQNzuscb/UsWpSinzs="/></File><File Name="Images\LargeTile.scale-200.png" Size="6558" LfhSize="60"><Block Hash="eyU2emr87bfuUOVBVrJW2SCV7ezELjUbrBlkrA+VUqg="/></File><File Name="Images\LargeTile.scale-200_contrast-black.png" Size="2107" LfhSize="75"><Block Hash="7Nh5B44dfPlWLs8i0l0Flhr4myyRYbklyzKdgud0JoU="/></File><File Name="Images\LargeTile.scale-200_contrast-white.png" Size="2093" LfhSize="75"><Block Hash="FdPfQttygNlrBgFq1flD9ORtsLw2Tnn89dRfGiRMI90="/></File><File Name="Images\LargeTile.scale-400.png" Size="15614" LfhSize="60"><Block Hash="TaRtFocus0LWFNxgbv1bA5P/dLv0zQpw42D/Bt5IFgs="/></File><File Name="Images\LargeTile.scale-400_contrast-black.png" Size="5497" LfhSize="75"><Block Hash="Jp/HY6QgRWZRxPQrRBGfUmBCX6eYZOzgRwR61CVKTdM="/></File><File Name="Images\LargeTile.scale-150_contrast-white.png" Size="1526" LfhSize="75"><Block Hash="QzVAHlB7r8uDgeS5g/iRF79TrCjjOJhbXXBDU6mxHmE="/></File><File Name="Images\LockScreenLogo.scale-100.png" Size="291" LfhSize="65"><Block Hash="mYdZcmyLs8/eEDlW0dzrDepMjcCKI34ZbqU3PGPitBM="/></File><File Name="Images\LockScreenLogo.scale-100_contrast-black.png" Size="374" LfhSize="80"><Block Hash="V2p3JKftjmjTq+iA7z/rlrQjuboBDJVXpb5yCClH1t4="/></File><File Name="Images\LockScreenLogo.scale-100_contrast-white.png" Size="425" LfhSize="80"><Block Hash="JBBElJiR5if1vVlyO5HvR8dKUnWuFNo5Nb/miW2dwNQ="/></File><File Name="Images\LockScreenLogo.scale-125.png" Size="380" LfhSize="65"><Block Hash="C/UH6UjXkmfcrBlwGwk2/jTHHpbPJk7MUN6zZaEBupg="/></File><File Name="Images\LockScreenLogo.scale-125_contrast-black.png" Size="474" LfhSize="80"><Block Hash="25Wqmn7j5uCGn/wpvB4dca5VpDnugHWjg5QJtjrP6VM="/></File><File Name="Images\LargeTile.scale-100.png" Size="2427" LfhSize="60"><Block Hash="msauu76whO/XQprxWWSjQIgHyWO7BjZe4+lZofl+Azs="/></File><File Name="Images\LargeTile.scale-150_contrast-black.png" Size="1563" LfhSize="75"><Block Hash="opMVVBbM2L/MpsgUk7IEw+3HYgC82krjKAoiRBRWcD0="/></File><File Name="Images\LargeTile.scale-150.png" Size="4051" LfhSize="60"><Block Hash="jkkbaCmofjEy5FV1nakbnJ9mfVj96MrOU4wSmhO5E8g="/></File><File Name="Images\LargeTile.scale-125_contrast-white.png" Size="1230" LfhSize="75"><Block Hash="J87SYqeR+rjkV8o77xNAvqByYNdCQwhTy1Kk1Qjf9K0="/></File><File Name="Images\LargeTile.scale-125_contrast-black.png" Size="1261" LfhSize="75"><Block Hash="9zIKDWNGzVFG2+ro8yL4+ex6pPq5XcfM2muOJaxaQcU="/></File><File Name="Images\LargeTile.scale-400_contrast-white.png" Size="5483" LfhSize="75"><Block Hash="FPDW3CYC0nr/kKn79iITKx5+iggcwGlBZAvDar3QfUQ="/></File><File Name="Images\LargeTile.scale-125.png" Size="3340" LfhSize="60"><Block Hash="vtK91baqnm7DuzZDcQshzM6YtCLBHIhd0Ci9NqQkdaA="/></File><File Name="Images\LargeTile.scale-100_contrast-white.png" Size="1010" LfhSize="75"><Block Hash="5DaAfcSAFpaY/ftUaAbNFsj3zulMnG0PdxdGiCaxhYw="/></File><File Name="Images\LargeTile.scale-100_contrast-black.png" Size="1030" LfhSize="75"><Block Hash="ZdBNnVkhpfAbpBOr1oEvwZzin7FpBs5EQffwtfXrWAw="/></File><File Name="Images\LockScreenLogo.scale-400_contrast-white.png" Size="742" LfhSize="80"><Block Hash="fwYKyUjIPzXXe8/bPSUSdpKSc5hffJG3TPd5tichYms="/></File><File Name="Images\SmallTile.scale-100.png" Size="660" LfhSize="60"><Block Hash="SClAph9zBUK6BamnEq7LM5nYb8ZQogLsiJP0dTzkET8="/></File><File Name="Images\SmallTile.scale-100_contrast-black.png" Size="505" LfhSize="75"><Block Hash="u6z+wHScU4NvCE8jRcbKNcR51FCNxX96AsEDeqvkyL4="/></File><File Name="Images\SmallTile.scale-100_contrast-white.png" Size="504" LfhSize="75"><Block Hash="OjXWUjrmJjhdtMYZXW/tuOOAuOoq9fUT4J8cbo3DlNg="/></File><File Name="Images\LockScreenLogo.scale-200_contrast-white.png" Size="523" LfhSize="80"><Block Hash="jNN9kqQuCt2sWBe1JkZ1ideGjup+g1Iuk9Y5eDVQ8bA="/></File><File Name="Images\LockScreenLogo.scale-200_contrast-black.png" Size="519" LfhSize="80"><Block Hash="5TSKPOpQ5IdLlS0oeJ/Y2S9rXvHWkpsyKHsZR1W5OF4="/></File><File Name="Images\LockScreenLogo.scale-200.png" Size="757" LfhSize="65"><Block Hash="+aLKwQmKFoYiLxJ9KNAjyhKBfam9yhYjWvwbiTCwFDk="/></File><File Name="Images\LockScreenLogo.scale-150_contrast-white.png" Size="476" LfhSize="80"><Block Hash="7oC6dh60or1uTKtqkNTkSHmJ0ytU+b82Pi+gI8qp/Kg="/></File><File Name="Images\LockScreenLogo.scale-150_contrast-black.png" Size="474" LfhSize="80"><Block Hash="OnAulhZBvKE/QamEM1Nl6YZkJECrK3k74Q9FEVlXBE4="/></File><File Name="Images\LockScreenLogo.scale-150.png" Size="581" LfhSize="65"><Block Hash="nG6ga9OQc1d+CUUemk9mLvklKJxSfX9ROSNTK0vpfQE="/></File><File Name="Images\LockScreenLogo.scale-125_contrast-white.png" Size="483" LfhSize="80"><Block Hash="FpgfMiVhV0ntmkNncnFyJucC7yZVixuYdLS77LDET6s="/></File><File Name="Images\LockScreenLogo.scale-400_contrast-black.png" Size="739" LfhSize="80"><Block Hash="7qUEGWBaGQwLkcMc2/nofSOefDc+NVkznutIO2Yzwy4="/></File><File Name="Images\LockScreenLogo.scale-400.png" Size="1685" LfhSize="65"><Block Hash="Zj0E9sjMDlaL/7JgNy1rbR4iSu0Sti4Eizs9zFCvBmY="/></File><File Name="Images\SmallTile.scale-400.png" Size="3424" LfhSize="60"><Block Hash="Ob89prN/5Sr7vgLi7yH/LJbJfYsc/9AmGMOSSpL5Tsg="/></File><File Name="Images\SmallTile.scale-400_contrast-black.png" Size="1270" LfhSize="75"><Block Hash="wzJ8rQqay1Bvhvw7/14YWqih+NHck5dBOyrdacP8FOQ="/></File><File Name="Images\SmallTile.scale-400_contrast-white.png" Size="1247" LfhSize="75"><Block Hash="tgtawctIe6nT2pPkdKCQVceC49vVcblUBYlTZHdlbnc="/></File><File Name="Images\Square150x150Logo.scale-100.png" Size="1020" LfhSize="68"><Block Hash="CfwEmdCCO6wKRKnyKdD/c5mFHCiQLs/g053PMYDRK90="/></File><File Name="Images\SmallTile.scale-200_contrast-white.png" Size="705" LfhSize="75"><Block Hash="JxfYLmlj8RlOj2uYG4p5X2i4KTxf0SIiszRxO/R6YHY="/></File><File Name="Images\Square150x150Logo.scale-100_contrast-white.png" Size="607" LfhSize="83"><Block Hash="Vc6kPaOnhcBkvXIJs5VnyXWHc8CB0qqYK8pqN04Q4Ow="/></File><File Name="Images\Square150x150Logo.scale-125.png" Size="1368" LfhSize="68"><Block Hash="y5JbbfwFizOTklQZYVbQV4OTKorDHhcOMrpyuzS9NKs="/></File><File Name="Images\Square150x150Logo.scale-125_contrast-black.png" Size="711" LfhSize="83"><Block Hash="6FWAAtENcQ53zWlG0TNB/jUlv/x4WPaFF4VXZtyksZs="/></File><File Name="Images\Square150x150Logo.scale-125_contrast-white.png" Size="706" LfhSize="83"><Block Hash="65DsKRPeeULFaib9mEDb0rQ0GEk65TqMWE+kHgWKyIQ="/></File><File Name="Images\Square150x150Logo.scale-150.png" Size="1625" LfhSize="68"><Block Hash="dWaEt9W47LL+lgG+ArUsXbZs0HGHkI81y2KPsIj5E6E="/></File><File Name="Images\Square150x150Logo.scale-150_contrast-black.png" Size="811" LfhSize="83"><Block Hash="Ixs60jmNEW4PHkCvqSyqDYuT0GYL/U9XgTiuUOgnCzI="/></File><File Name="Images\Square150x150Logo.scale-150_contrast-white.png" Size="800" LfhSize="83"><Block Hash="k07hwBfUTNp9nVLeyiTcPKR0fMzJ3HJBIx43n8Udk7w="/></File><File Name="Images\SmallTile.scale-200_contrast-black.png" Size="702" LfhSize="75"><Block Hash="BcaAX07orqEtWbST2s+M2p9YxtMRsSlI1WeeY41EWWQ="/></File><File Name="Images\Square150x150Logo.scale-200_contrast-black.png" Size="1008" LfhSize="83"><Block Hash="9iuPQ5GuiQbgEo5sT5DGHI4tVf+dcqJJjWHLt05ORA4="/></File><File Name="Images\SmallTile.scale-200.png" Size="1402" LfhSize="60"><Block Hash="EYUCdL+DkFWEaqu0ZxWYKwewkQL8e3NAfRr8pW6gOp8="/></File><File Name="Images\SmallTile.scale-150_contrast-white.png" Size="606" LfhSize="75"><Block Hash="i6WyxXHnqW3uCCyBdHfT9yX1efHXMYUBMxlMxiyBI5s="/></File><File Name="Images\SmallTile.scale-150_contrast-black.png" Size="608" LfhSize="75"><Block Hash="c7u1ScmkpKVyYBRvNAgVRtxgS6ucCXRt7gnhVitcePM="/></File><File Name="Images\SmallTile.scale-150.png" Size="1031" LfhSize="60"><Block Hash="uWgnsUQF9eburReuLmLhXb/E95/a8HEkT2YwbI74Mx4="/></File><File Name="Images\SmallTile.scale-125_contrast-white.png" Size="557" LfhSize="75"><Block Hash="eHZn2j8Q7CIk//FBAjAYhEt4VPCiWo0oSlZVkr4ZNVc="/></File><File Name="Images\SmallTile.scale-125_contrast-black.png" Size="561" LfhSize="75"><Block Hash="QviJ0UUYnxPYZ88ZzEb2JzRztvGx+gcDg9h7gRvH1pE="/></File><File Name="Images\SmallTile.scale-125.png" Size="862" LfhSize="60"><Block Hash="CdMoQxPqmrySjc8oHiXflRFWSOtLvrFKhSYPoN4KB/U="/></File><File Name="Images\Square150x150Logo.scale-100_contrast-black.png" Size="605" LfhSize="83"><Block Hash="yhdGw4wKK0WkOBUQpWzew2S7JaKLY82KxvTuF1dUDK8="/></File><File Name="Images\Square150x150Logo.scale-200.png" Size="2387" LfhSize="68"><Block Hash="YysSQqKrf/Wh4eSOgZYUyesiUFwIhZis6gE4PBmS2CY="/></File><File Name="Images\Square44x44Logo.scale-125_contrast-white.png" Size="516" LfhSize="81"><Block Hash="Th5lkOWnkztohE+zVEArGbt7rf2805TyGjT1F9ufi/E="/></File><File Name="Images\Square44x44Logo.scale-150.png" Size="823" LfhSize="66"><Block Hash="nsOLh6KJ3O5MdsFyqLqDplGedAX6hDZeL+9SBM2j6sA="/></File><File Name="Images\Square44x44Logo.scale-125_contrast-black.png" Size="513" LfhSize="81"><Block Hash="Vl8W8L2fsCUQKeCEBByINv5wW0uN9i1S26XfwcUVnsg="/></File><File Name="Images\Square44x44Logo.scale-125.png" Size="681" LfhSize="66"><Block Hash="Qlw4pulOn69hEpInEs0AAc2V/DPx4TCG0MbGyJjkyVs="/></File><File Name="Images\Square44x44Logo.scale-200.png" Size="1137" LfhSize="66"><Block Hash="SBlfJQmYr3cZiROgT3o+CqVwQE0Bq5lCKkOlGZY/hs8="/></File><File Name="Images\Square44x44Logo.scale-200_contrast-black.png" Size="611" LfhSize="81"><Block Hash="Uiam3lb9rANdt9zBU8h+wLk+U7pQUmCXgLOfcfbk9zU="/></File><File Name="Images\Square44x44Logo.scale-200_contrast-white.png" Size="613" LfhSize="81"><Block Hash="0xIJElVNwoRw8AZ0rp5XZR2Fwn6EnsOTkNf7LFN6PFI="/></File><File Name="Images\Square44x44Logo.scale-400.png" Size="2595" LfhSize="66"><Block Hash="LzuNA1dXZw4sumXIgi9BZ7lm/sqSuN3PbyyD/8THLL0="/></File><File Name="Images\Square44x44Logo.scale-400_contrast-black.png" Size="963" LfhSize="81"><Block Hash="UVc63wmpG12/RXK4tkHzMU90sQXHQhHG9WTWBxK7GdY="/></File><File Name="Images\Square44x44Logo.scale-400_contrast-white.png" Size="976" LfhSize="81"><Block Hash="/ecl3u2AaoZUfplnv1gA9igYzEec9VoBJNKqvUeh+Yo="/></File><File Name="Images\Square44x44Logo.targetsize-16.png" Size="224" LfhSize="70"><Block Hash="/umQ2vCuiAH2k4Aj/YHUKlhdXKzL20iFkOccUDIXR0I="/></File><File Name="Images\Square44x44Logo.targetsize-16_altform-unplated.png" Size="224" LfhSize="87"><Block Hash="/umQ2vCuiAH2k4Aj/YHUKlhdXKzL20iFkOccUDIXR0I="/></File><File Name="Images\Square44x44Logo.targetsize-16_altform-unplated_contrast-black.png" Size="300" LfhSize="102"><Block Hash="B0ujT10Ppi/wHcTuY5vF8WGODfvgX5VPsf/+5JaDAUc="/></File><File Name="Images\Square44x44Logo.targetsize-16_altform-unplated_contrast-white.png" Size="379" LfhSize="102"><Block Hash="5zUJNFaCxikXMKmUIOZH/RZGuc1HAqkWhwF01SILeJ0="/></File><File Name="Images\Square44x44Logo.targetsize-16_contrast-black.png" Size="300" LfhSize="85"><Block Hash="B0ujT10Ppi/wHcTuY5vF8WGODfvgX5VPsf/+5JaDAUc="/></File><File Name="Images\Square44x44Logo.targetsize-16_contrast-white.png" Size="379" LfhSize="85"><Block Hash="qgivJjwEcB2MwkGnFO2FL8t7q/Q1/D2RKvuo7TtoEl4="/></File><File Name="Images\Square44x44Logo.targetsize-20.png" Size="282" LfhSize="70"><Block Hash="dWz7Mv653ftGqgmIW0S488i5c/iiWeEaWu4tMmMpyH4="/></File><File Name="Images\Square44x44Logo.targetsize-20_altform-unplated.png" Size="282" LfhSize="87"><Block Hash="dWz7Mv653ftGqgmIW0S488i5c/iiWeEaWu4tMmMpyH4="/></File><File Name="Images\Square44x44Logo.targetsize-20_altform-unplated_contrast-black.png" Size="338" LfhSize="102"><Block Hash="Lu3dmlx/yESsMGq2po30mn2TMefNkg9j+EMntqZuD28="/></File><File Name="Images\Square44x44Logo.targetsize-20_altform-unplated_contrast-white.png" Size="406" LfhSize="102"><Block Hash="/71scyGcKWwcICK4fFd8H1IZ23jM0hy0UGpyasVHwwc="/></File><File Name="Images\Square44x44Logo.targetsize-20_contrast-black.png" Size="338" LfhSize="85"><Block Hash="Lu3dmlx/yESsMGq2po30mn2TMefNkg9j+EMntqZuD28="/></File><File Name="Images\Square44x44Logo.targetsize-20_contrast-white.png" Size="406" LfhSize="85"><Block Hash="bEhuFjYPv6gPWrG+NAeMhGe4GwmF+nEAhiSoQN5LvZs="/></File><File Name="Images\Square44x44Logo.targetsize-24.png" Size="291" LfhSize="70"><Block Hash="mYdZcmyLs8/eEDlW0dzrDepMjcCKI34ZbqU3PGPitBM="/></File><File Name="Images\Square44x44Logo.targetsize-24_altform-unplated.png" Size="291" LfhSize="87"><Block Hash="mYdZcmyLs8/eEDlW0dzrDepMjcCKI34ZbqU3PGPitBM="/></File><File Name="Images\Square44x44Logo.targetsize-24_altform-unplated_contrast-black.png" Size="374" LfhSize="102"><Block Hash="V2p3JKftjmjTq+iA7z/rlrQjuboBDJVXpb5yCClH1t4="/></File><File Name="Images\Square44x44Logo.targetsize-24_altform-unplated_contrast-white.png" Size="425" LfhSize="102"><Block Hash="wbkH7cecGWcRO5ARmecHogQl7bbjy0mh7dg6j1OfEzI="/></File><File Name="Images\Square44x44Logo.targetsize-24_contrast-black.png" Size="374" LfhSize="85"><Block Hash="V2p3JKftjmjTq+iA7z/rlrQjuboBDJVXpb5yCClH1t4="/></File><File Name="Images\Square44x44Logo.targetsize-24_contrast-white.png" Size="425" LfhSize="85"><Block Hash="eYGrawOGhq7PvOFW5pv0zZCQ5xATkgkYUSMjUp2CoO8="/></File><File Name="Images\Square44x44Logo.targetsize-256.png" Size="5890" LfhSize="71"><Block Hash="xLOKpwln9inFHZtWfdjKRBe/RIh607Udh3lm+6LSHZc="/></File><File Name="Images\Square44x44Logo.targetsize-256_altform-unplated.png" Size="5890" LfhSize="88"><Block Hash="xLOKpwln9inFHZtWfdjKRBe/RIh607Udh3lm+6LSHZc="/></File><File Name="Images\Square44x44Logo.targetsize-256_altform-unplated_contrast-black.png" Size="1644" LfhSize="103"><Block Hash="Ru99xRz7LGPLAyv92rWotisn8aLDUN7J0eT1nmUFvyw="/></File><File Name="Images\Square44x44Logo.targetsize-256_altform-unplated_contrast-white.png" Size="1624" LfhSize="103"><Block Hash="SkOtpnNYlBbYiflTwTGb3qlMS3P2f3vFFkllXn0fLZM="/></File><File Name="Images\Square44x44Logo.scale-100_contrast-white.png" Size="468" LfhSize="81"><Block Hash="moOqFnQqLVKau8HH1Oih6+WaLAHTJheVVFnO3DvDpu4="/></File><File Name="Images\Square44x44Logo.scale-100_contrast-black.png" Size="470" LfhSize="81"><Block Hash="niiUDJAyJk1JTaOVwPkGAfeWR1BZSLrdcXdptmt9Q0A="/></File><File Name="Images\Square44x44Logo.scale-100.png" Size="431" LfhSize="66"><Block Hash="OGS861mbzcv6f7irVT+vHXWPOiaT+upzRNPoFDKlMVg="/></File><File Name="Images\Square150x150Logo.scale-400_contrast-white.png" Size="2035" LfhSize="83"><Block Hash="ciRpnrED0SGm3Id1s8LozXfTdaZu8l0zgYxDUtsBk9Q="/></File><File Name="Images\Square150x150Logo.scale-400_contrast-black.png" Size="2043" LfhSize="83"><Block Hash="6F7aNRwYBJjecXjwFJ2Bsv40FF9gk3SA3XH7s5eAA0s="/></File><File Name="Images\Square150x150Logo.scale-400.png" Size="5864" LfhSize="68"><Block Hash="68FI4oCn/RoLNeht/pj/nGhqryXTcNY/IwDc0uSczQQ="/></File><File Name="Images\Square150x150Logo.scale-200_contrast-white.png" Size="989" LfhSize="83"><Block Hash="57EUfzfQgXDaFNFVKmQLjqjoEGL0jw4oJklvhJ2LR50="/></File><File Name="Images\Square44x44Logo.scale-150_contrast-black.png" Size="541" LfhSize="81"><Block Hash="mC/IqMKw+0KbIbDF/c5y4QIhmQqyGyMwsfhC2bHWZxQ="/></File><File Name="Images\Square44x44Logo.scale-150_contrast-white.png" Size="540" LfhSize="81"><Block Hash="b2mZhZ5QQZZs1cm8c8pwNTu+5U7FS2Dx9AxoAd4tJ0s="/></File><File Name="Images\Square44x44Logo.targetsize-32_altform-unplated.png" Size="403" LfhSize="87"><Block Hash="/gWU+2jiu11rzUDh5fZUj8FItqneFA3i2xWP7GScho4="/></File><File Name="Images\Square44x44Logo.targetsize-32_altform-unplated_contrast-black.png" Size="430" LfhSize="102"><Block Hash="RG4aCEg8Pnw4uePz0xVATNTt/pFH1fobZxyy+6DwO2c="/></File><File Name="Images\Square44x44Logo.targetsize-32_altform-unplated_contrast-white.png" Size="458" LfhSize="102"><Block Hash="lI/svy3+pGvfe+AA8LavTwCAlg5QAUD13qGTebOkdDw="/></File><File Name="Images\Square44x44Logo.targetsize-32_contrast-black.png" Size="430" LfhSize="85"><Block Hash="RG4aCEg8Pnw4uePz0xVATNTt/pFH1fobZxyy+6DwO2c="/></File><File Name="Images\Square44x44Logo.targetsize-32_contrast-white.png" Size="458" LfhSize="85"><Block Hash="dxBH+7iT98kM3EEvrba0i1U/tEorode+qjr0hiU5sHY="/></File><File Name="Images\Square44x44Logo.targetsize-36.png" Size="581" LfhSize="70"><Block Hash="nG6ga9OQc1d+CUUemk9mLvklKJxSfX9ROSNTK0vpfQE="/></File><File Name="Images\Square44x44Logo.targetsize-36_altform-unplated.png" Size="581" LfhSize="87"><Block Hash="nG6ga9OQc1d+CUUemk9mLvklKJxSfX9ROSNTK0vpfQE="/></File><File Name="Images\Square44x44Logo.targetsize-36_altform-unplated_contrast-black.png" Size="474" LfhSize="102"><Block Hash="OnAulhZBvKE/QamEM1Nl6YZkJECrK3k74Q9FEVlXBE4="/></File><File Name="Images\Square44x44Logo.targetsize-36_altform-unplated_contrast-white.png" Size="476" LfhSize="102"><Block Hash="ukYAKEsx7FXQ772TJ0OtfxAWA/6tI/c3rdkcqLzrYPY="/></File><File Name="Images\Square44x44Logo.targetsize-36_contrast-black.png" Size="474" LfhSize="85"><Block Hash="OnAulhZBvKE/QamEM1Nl6YZkJECrK3k74Q9FEVlXBE4="/></File><File Name="Images\Square44x44Logo.targetsize-36_contrast-white.png" Size="476" LfhSize="85"><Block Hash="mq2Oosz4DLi92/Gid1dYxGDD7UsrDjmr0M8DZOUkN6I="/></File><File Name="Images\Square44x44Logo.targetsize-30_contrast-white.png" Size="483" LfhSize="85"><Block Hash="hfyd1FdeEMGddHGOudVTFgTZNLs1Ku40UN2G4/9ZXDo="/></File><File Name="Images\Square44x44Logo.targetsize-40_altform-unplated.png" Size="640" LfhSize="87"><Block Hash="g/LWzO8teAGEztFDIQsPPYDZuwmhVeHOdCMxnNcPxJo="/></File><File Name="Images\Square44x44Logo.targetsize-40_altform-unplated_contrast-black.png" Size="499" LfhSize="102"><Block Hash="ecdRKBoQ6MCaS0Hz8e/8UZrdN9YAPCTPanqYHjMU53g="/></File><File Name="Images\Square44x44Logo.targetsize-40_altform-unplated_contrast-white.png" Size="501" LfhSize="102"><Block Hash="6zErYcBFLnvNZgzd3lRAV+ArlPMuj2VBrvCCKeDYCW4="/></File><File Name="Images\Square44x44Logo.targetsize-40_contrast-black.png" Size="499" LfhSize="85"><Block Hash="ecdRKBoQ6MCaS0Hz8e/8UZrdN9YAPCTPanqYHjMU53g="/></File><File Name="Images\Square44x44Logo.targetsize-40_contrast-white.png" Size="501" LfhSize="85"><Block Hash="hGUVrUonboc1h2wTQGhKOmime00tctKme/ZwByxAcig="/></File><File Name="Images\Square44x44Logo.targetsize-48.png" Size="757" LfhSize="70"><Block Hash="+aLKwQmKFoYiLxJ9KNAjyhKBfam9yhYjWvwbiTCwFDk="/></File><File Name="Images\Square44x44Logo.targetsize-48_altform-unplated.png" Size="757" LfhSize="87"><Block Hash="+aLKwQmKFoYiLxJ9KNAjyhKBfam9yhYjWvwbiTCwFDk="/></File><File Name="Images\Square44x44Logo.targetsize-48_altform-unplated_contrast-black.png" Size="519" LfhSize="102"><Block Hash="BoNAfZhTWVr+wg/XvYoCZO0pP1/pMyYANYOYw2aGIjY="/></File><File Name="Images\Square44x44Logo.targetsize-48_altform-unplated_contrast-white.png" Size="523" LfhSize="102"><Block Hash="gW27n4mkiX3Vb04AUlkojJYN065WwZuKCifTLL8OMj0="/></File><File Name="Images\Square44x44Logo.targetsize-48_contrast-black.png" Size="519" LfhSize="85"><Block Hash="5xrh2TqfFwAFmN+B9Z6RL03GAzkOAhAX7RkHR5UAw08="/></File><File Name="Images\Square44x44Logo.targetsize-48_contrast-white.png" Size="523" LfhSize="85"><Block Hash="LmriZdR/MHWJAqhna64mVJcsRTT2HKSGpIGUg5RdR7M="/></File><File Name="Images\Square44x44Logo.targetsize-60.png" Size="982" LfhSize="70"><Block Hash="EuEIjk9+jjDUkMv15QS7VFUb03CJXbBhoX26SJ21S/U="/></File><File Name="Images\Square44x44Logo.targetsize-60_altform-unplated.png" Size="982" LfhSize="87"><Block Hash="EuEIjk9+jjDUkMv15QS7VFUb03CJXbBhoX26SJ21S/U="/></File><File Name="Images\Square44x44Logo.targetsize-60_altform-unplated_contrast-black.png" Size="582" LfhSize="102"><Block Hash="vjCGANPlQawmtezg25FGnX36KOeNfIpC8mc0hcZETCE="/></File><File Name="Images\Square44x44Logo.targetsize-60_altform-unplated_contrast-white.png" Size="583" LfhSize="102"><Block Hash="C/8AnJss3SitwcPeLzmoYV1KeKC+ZbwJo2+zc2rUkG0="/></File><File Name="Images\Square44x44Logo.targetsize-60_contrast-black.png" Size="582" LfhSize="85"><Block Hash="X19Zxs76V6djb86K5rR1hXOcIACiiP1huYPZjZqFUrQ="/></File><File Name="Images\Square44x44Logo.targetsize-60_contrast-white.png" Size="583" LfhSize="85"><Block Hash="e7s9/DWiMY6YnHwvPfH7z/VSineWalG6OrIMVHtJP0M="/></File><File Name="Images\Square44x44Logo.targetsize-64.png" Size="1036" LfhSize="70"><Block Hash="9goGJcN4V0zTLMnMtXIxZLV9aY17ziuxw75YATEFz5U="/></File><File Name="Images\Square44x44Logo.targetsize-64_altform-unplated.png" Size="1036" LfhSize="87"><Block Hash="9goGJcN4V0zTLMnMtXIxZLV9aY17ziuxw75YATEFz5U="/></File><File Name="Images\Square44x44Logo.targetsize-64_altform-unplated_contrast-black.png" Size="592" LfhSize="102"><Block Hash="kqaqLlSmFpEYCr/7LAVhyoA56ShDGAQeHNtaC/5y8ys="/></File><File Name="Images\Square44x44Logo.targetsize-30_contrast-black.png" Size="474" LfhSize="85"><Block Hash="25Wqmn7j5uCGn/wpvB4dca5VpDnugHWjg5QJtjrP6VM="/></File><File Name="Images\Square44x44Logo.targetsize-30_altform-unplated_contrast-white.png" Size="483" LfhSize="102"><Block Hash="9dOvu7ey52V6FTpsuQR88fYp4FJ5crpVBVACKGrozGY="/></File><File Name="Images\Square44x44Logo.targetsize-30_altform-unplated_contrast-black.png" Size="474" LfhSize="102"><Block Hash="BFFEZkzLB98XkRVOts4g+/TIyTSH2bOFDsPfRfCjpQ8="/></File><File Name="Images\Square44x44Logo.targetsize-30_altform-unplated.png" Size="380" LfhSize="87"><Block Hash="C/UH6UjXkmfcrBlwGwk2/jTHHpbPJk7MUN6zZaEBupg="/></File><File Name="Images\Square44x44Logo.targetsize-30.png" Size="380" LfhSize="70"><Block Hash="C/UH6UjXkmfcrBlwGwk2/jTHHpbPJk7MUN6zZaEBupg="/></File><File Name="Images\Square44x44Logo.targetsize-256_contrast-white.png" Size="1624" LfhSize="86"><Block Hash="FRhKP82+/FGjx4EgK4YvLhC10yiUQZpkfv7YzU4z+WA="/></File><File Name="Images\Square44x44Logo.targetsize-256_contrast-black.png" Size="1644" LfhSize="86"><Block Hash="czZ0KFIHmvRlTlL+SWgqugvnWZ7YkPFiuiQGf6xVbq0="/></File><File Name="Images\Square44x44Logo.targetsize-32.png" Size="403" LfhSize="70"><Block Hash="/gWU+2jiu11rzUDh5fZUj8FItqneFA3i2xWP7GScho4="/></File><File Name="Images\Square44x44Logo.targetsize-40.png" Size="640" LfhSize="70"><Block Hash="g/LWzO8teAGEztFDIQsPPYDZuwmhVeHOdCMxnNcPxJo="/></File><File Name="Images\Square44x44Logo.targetsize-80.png" Size="1359" LfhSize="70"><Block Hash="6r5RKhj4kk9tDJNRkaDQcriXgrd9+moipresT1ef9t0="/></File><File Name="Images\Square44x44Logo.targetsize-80_altform-unplated.png" Size="1359" LfhSize="87"><Block Hash="6r5RKhj4kk9tDJNRkaDQcriXgrd9+moipresT1ef9t0="/></File><File Name="Images\Square44x44Logo.targetsize-80_altform-unplated_contrast-black.png" Size="684" LfhSize="102"><Block Hash="Aag1t8iqR6u2nfZxIj3Odn7tFl9w0fjrcpXJwpUSicA="/></File><File Name="Images\Square44x44Logo.targetsize-80_altform-unplated_contrast-white.png" Size="683" LfhSize="102"><Block Hash="G+lCDCqKHkDnbHyFToteGoEU1yJej51JTwEppdPFouQ="/></File><File Name="Images\Square44x44Logo.targetsize-80_contrast-black.png" Size="684" LfhSize="85"><Block Hash="4xDhKfH25Z1uPMUCHf1rLAU/NBI1/uCeuD0i8Sfkcrc="/></File><File Name="Images\Square44x44Logo.targetsize-80_contrast-white.png" Size="683" LfhSize="85"><Block Hash="ydYNC4+sQdN0HDYbuThrLbSBt25cai1xOgsmNmPfnMg="/></File><File Name="Images\Square44x44Logo.targetsize-96.png" Size="1685" LfhSize="70"><Block Hash="Zj0E9sjMDlaL/7JgNy1rbR4iSu0Sti4Eizs9zFCvBmY="/></File><File Name="Images\Square44x44Logo.targetsize-96_altform-unplated.png" Size="1685" LfhSize="87"><Block Hash="Zj0E9sjMDlaL/7JgNy1rbR4iSu0Sti4Eizs9zFCvBmY="/></File><File Name="Images\Square44x44Logo.targetsize-96_altform-unplated_contrast-black.png" Size="739" LfhSize="102"><Block Hash="feAKl2F2Xote0maoAk4PJ7gV0b3rmelj7AZg2jxiFvQ="/></File><File Name="Images\Square44x44Logo.targetsize-96_altform-unplated_contrast-white.png" Size="742" LfhSize="102"><Block Hash="F+2T2bssoBg2tf8MaCDsxjYuPYReWO35EPxo5yctVAU="/></File><File Name="Images\Square44x44Logo.targetsize-96_contrast-black.png" Size="739" LfhSize="85"><Block Hash="7qUEGWBaGQwLkcMc2/nofSOefDc+NVkznutIO2Yzwy4="/></File><File Name="Images\Square44x44Logo.targetsize-96_contrast-white.png" Size="742" LfhSize="85"><Block Hash="mnZ4PKT5sJ60W7OVtPCiAw8F75ybOI8jU3EnHI6IEQg="/></File><File Name="Images\StoreLogo.scale-100.png" Size="585" LfhSize="60"><Block Hash="LW02+9ZPrRBWoYZZPfPIrcKRY74XjYWwa6bONjvUuWM="/></File><File Name="Images\StoreLogo.scale-100_contrast-black.png" Size="486" LfhSize="75"><Block Hash="3pOEsG/JUaziRrhO9ybCf/o4m1dUgHQ4uqq8G0DmsEA="/></File><File Name="Images\StoreLogo.scale-100_contrast-white.png" Size="486" LfhSize="75"><Block Hash="/Bt8XDaYxX2x1zSiurkXYq/AU3QNXwGzCmBD9Rj321Q="/></File><File Name="Images\StoreLogo.scale-125.png" Size="794" LfhSize="60"><Block Hash="B+DxyrHNebwjriscjukvHZjr3xAlaRuXVHpdmNKwj34="/></File><File Name="Images\StoreLogo.scale-125_contrast-black.png" Size="535" LfhSize="75"><Block Hash="SyK81PHf36yy7fCRUm0z/efGgNeYlj6ADYkIwM1cCs0="/></File><File Name="Images\StoreLogo.scale-125_contrast-white.png" Size="535" LfhSize="75"><Block Hash="atbVTLS+V9LR387LnBwTxCglffXZkgdfmUMmazRyXfM="/></File><File Name="Images\StoreLogo.scale-150.png" Size="954" LfhSize="60"><Block Hash="/JB1VFYqWN5Qwd6HpBaHhHHYr2RuiuSf2tstAw1R43s="/></File><File Name="Images\StoreLogo.scale-150_contrast-black.png" Size="583" LfhSize="75"><Block Hash="n56Xcs2TUf3UmXWoLk8R7HpE3QkFnLV3WKVozFPxB/M="/></File><File Name="Images\StoreLogo.scale-150_contrast-white.png" Size="582" LfhSize="75"><Block Hash="LWufR8nK8bs4kiMEjS6BtMhG0jYAfyxEcbwUaLvL4+E="/></File><File Name="Images\StoreLogo.scale-200.png" Size="1250" LfhSize="60"><Block Hash="KCAkX5Y+OjaDEN6jwnPVUUHsalmiJfUC4zQ//wi5/30="/></File><File Name="Images\StoreLogo.scale-200_contrast-black.png" Size="664" LfhSize="75"><Block Hash="qySaQZGfxL6Hvjw9iZapmiimTcwwRRTqtK5AN1zORNI="/></File><File Name="Images\StoreLogo.scale-200_contrast-white.png" Size="668" LfhSize="75"><Block Hash="Okvi9PCf7+D5hUXfO/UeiAfYRzyubcU4GD1GjqId11U="/></File><File Name="Images\StoreLogo.scale-400.png" Size="3066" LfhSize="60"><Block Hash="kArBKZCNdUT56k1ldPRiROY56qZ8Vwd5fK1rG2VYg40="/></File><File Name="Images\StoreLogo.scale-400_contrast-black.png" Size="1131" LfhSize="75"><Block Hash="DflJUxzgZyWI6qCy23/LZyB8dFHaCk3XkjSrAUY8NPk="/></File><File Name="Images\StoreLogo.scale-400_contrast-white.png" Size="1142" LfhSize="75"><Block Hash="68Woss6IjzR71mkwGPF3Fva1PFbWcfY0LpBfpG1P/uU="/></File><File Name="Images\Square44x44Logo.targetsize-64_altform-unplated_contrast-white.png" Size="592" LfhSize="102"><Block Hash="PBvYzjfXWKId7jt4zjWXhNzZEzyGKuxtgmdJDlEapjs="/></File><File Name="Images\Square44x44Logo.targetsize-64_contrast-black.png" Size="592" LfhSize="85"><Block Hash="4dx+kNqpiguk6M6DkBeOqs8Kvi8wUfMHFYrOJm9KuiU="/></File><File Name="Images\Wide310x150Logo.scale-100.png" Size="1142" LfhSize="66"><Block Hash="brNlhK85i6cD08c5uN4DwkP148ATEjkDfPeFJj/hNgk="/></File><File Name="Images\Wide310x150Logo.scale-100_contrast-black.png" Size="681" LfhSize="81"><Block Hash="NTKLe6+EUXvkmtV1LGYBleOQl/acW5clbRovY8Vpw2M="/></File><File Name="Images\Wide310x150Logo.scale-100_contrast-white.png" Size="670" LfhSize="81"><Block Hash="YJQYbkTcXzy8g9rRs9/VUtT64Na2o0s5GuPzjlJL180="/></File><File Name="Images\Wide310x150Logo.scale-125.png" Size="1599" LfhSize="66"><Block Hash="AGhBdRHQfh6brXnRyUGq8Qul/I3vJ+EY4V+bCO80AyE="/></File><File Name="Images\Square44x44Logo.targetsize-64_contrast-white.png" Size="592" LfhSize="85"><Block Hash="LLGLUEUIEVoGx1qSLYpUd5F9CtSaKTMVV7uNdHkZaaM="/></File><File Name="Images\Square44x44Logo.targetsize-72.png" Size="1157" LfhSize="70"><Block Hash="4T/uhnLqkiRNTugCFIfvoxZox0F+QZCKhb9ivRFj4/g="/></File><File Name="Images\Square44x44Logo.targetsize-72_altform-unplated.png" Size="1157" LfhSize="87"><Block Hash="4T/uhnLqkiRNTugCFIfvoxZox0F+QZCKhb9ivRFj4/g="/></File><File Name="Images\Square44x44Logo.targetsize-72_altform-unplated_contrast-black.png" Size="638" LfhSize="102"><Block Hash="TcRQ7ATL19igvheTEwxssfco0yxJy56vqGQKGcoPw3Y="/></File><File Name="Images\Square44x44Logo.targetsize-72_altform-unplated_contrast-white.png" Size="639" LfhSize="102"><Block Hash="TvjWyBkEtGeCluPJ3/OeXLeVYDx9rsaXJrUgNjXKfjE="/></File><File Name="Images\Square44x44Logo.targetsize-72_contrast-black.png" Size="638" LfhSize="85"><Block Hash="rm60MxwrGjRlqAQBVajECR4LoAaBUXFD563xJaGSeDM="/></File><File Name="Images\Square44x44Logo.targetsize-72_contrast-white.png" Size="639" LfhSize="85"><Block Hash="cIOUM0trU3r6JqQ87/fWlZTbplzbUWUJ6P0nohiElGY="/></File><File Name="Images\Wide310x150Logo.scale-200_contrast-white.png" Size="1191" LfhSize="81"><Block Hash="qlBQeh/0BEq8vkJVOuLXTNs9oYelieju9nC3XSceAig="/></File><File Name="Images\Wide310x150Logo.scale-400.png" Size="6815" LfhSize="66"><Block Hash="Gn8tLwbV1shlflmtESQ8UiOO2iv9Ey0Dvrk+VwGbJsM="/></File><File Name="Images\Wide310x150Logo.scale-400_contrast-black.png" Size="2825" LfhSize="81"><Block Hash="ytGUSAKQ0waJF4vXxtVsmrONZK/0fH/pNUx0P9oo98I="/></File><File Name="Images\Wide310x150Logo.scale-400_contrast-white.png" Size="2802" LfhSize="81"><Block Hash="LQTjFqSzujJSp0Ta/QlEuEAAuuD34yy3+3zYycvuXn8="/></File><File Name="Images\terminal_contrast-black.ico" Size="43062" LfhSize="64"><Block Hash="KYZGadgefU5QqOzBbpkrM5ZYRU9SNOGUnFEqB+27q/Q=" Size="4327"/></File><File Name="Images\terminal_contrast-white.ico" Size="43076" LfhSize="64"><Block Hash="C0Uro8wu8uMwQiqqVaeP5ZtUVCebs1d48mM9dw9ZLzs=" Size="4282"/></File><File Name="Images\Wide310x150Logo.scale-200_contrast-black.png" Size="1211" LfhSize="81"><Block Hash="EqqDIYj74ehhnU0nHZR8zRjOekA1DaXlQdi1uKokoGE="/></File><File Name="Images\Wide310x150Logo.scale-150_contrast-white.png" Size="917" LfhSize="81"><Block Hash="wNn3m5vt8mTvtCCvuOQc/ns3TweZTpJinFTAfMllbSA="/></File><File Name="Images\Wide310x150Logo.scale-150_contrast-black.png" Size="928" LfhSize="81"><Block Hash="U7AfHFlM/HV3DQk63KjwhIyqzNeMyZyPMHAgKCtpTMQ="/></File><File Name="Images\Wide310x150Logo.scale-125_contrast-black.png" Size="833" LfhSize="81"><Block Hash="EFu5LgMIqkQKlTt/Hpe1KGSL6PJLYO3ywRjfse7hblE="/></File><File Name="Images\Wide310x150Logo.scale-125_contrast-white.png" Size="820" LfhSize="81"><Block Hash="se/VIgkg2GyWrj0bj+hNg22IadXIMmgcUMLhhEtusw8="/></File><File Name="Images\Wide310x150Logo.scale-150.png" Size="2047" LfhSize="66"><Block Hash="9uiH9sip4bneJbC40oHRXAhQ/JZtpGaijMFjJjK/fnU="/></File><File Name="Images\Wide310x150Logo.scale-200.png" Size="2705" LfhSize="66"><Block Hash="x1BvZpytp+hpOi8S6j1Vt5HUjEzK94XHtgPrNhPyclU="/></File><File Name="ProfileIcons\pwsh-preview.scale-125.png" Size="606" LfhSize="69"><Block Hash="dCXLfKbEkBKn8E748vnopFrBGvT0RFqH7Pc4SLoCJig="/></File><File Name="ProfileIcons\pwsh-preview.scale-100.png" Size="467" LfhSize="69"><Block Hash="WShiOCpGwjbFCJnsaM7XdjDawijCxYiVXHuJ0498Rqc="/></File><File Name="ProfileIcons\pwsh-preview.scale-150.png" Size="680" LfhSize="69"><Block Hash="9zp452HVMYWsn11pPY4jUF9/IRMbnFYrPfxooz4Cma8="/></File><File Name="ProfileIcons\{574e775e-4f2a-5b96-ac1e-a2962a402336}.scale-200.png" Size="1464" LfhSize="99"><Block Hash="Q/JiykQGRLl+HXZBEji9nIfHE34Z3elIo5kgOJkHtSI="/></File><File Name="ProfileIcons\{61c54bbd-c2c6-5271-96e7-009a87ff44bf}.scale-100.png" Size="616" LfhSize="99"><Block Hash="Il9pwBMh10Y3vo06BBRp/xQae1DjfVKdaxhVQwMNhu4="/></File><File Name="ProfileIcons\{61c54bbd-c2c6-5271-96e7-009a87ff44bf}.scale-200.png" Size="1145" LfhSize="99"><Block Hash="zpt8YI2qw+eItYnCjf0Nw0d77mtGU13sLlyaQ3JHAEU="/></File><File Name="ProfileIcons\{550ce7b8-d500-50ad-8a1a-c400c3262db3}.scale-200.png" Size="787" LfhSize="99"><Block Hash="9h25vMNyUWVY4Az+vE/5wxBnXNTJ7Gv+Lcl7hhINs3Y="/></File><File Name="ProfileIcons\{550ce7b8-d500-50ad-8a1a-c400c3262db3}.scale-100.png" Size="647" LfhSize="99"><Block Hash="VaSbtYjXJSL3D7vnExjsdMY/jP1FwQjLhXSyTDnbk6s="/></File><File Name="ProfileIcons\{0caa0dad-35be-5f56-a8ff-afceeeaa6101}.scale-200.png" Size="641" LfhSize="99"><Block Hash="DVdbPUYxBZk2m8tB6+3U/Y49duaIe9+K3p4vt/BmZ9A="/></File><File Name="ProfileIcons\{9acb9455-ca41-5af7-950f-6bca1bc9722f}.scale-100.png" Size="755" LfhSize="99"><Block Hash="kuE9yaeYmWlmeIk5DXcbNkFH/JSyWeAbjfZLTtbWovU="/></File><File Name="ProfileIcons\{9acb9455-ca41-5af7-950f-6bca1bc9722f}.scale-200.png" Size="1668" LfhSize="99"><Block Hash="jlK9r/jYMH0eBYXLsXKCpG1pr4hG6+o35Xa0ycAZ1Xc="/></File><File Name="ProfileIcons\{574e775e-4f2a-5b96-ac1e-a2962a402336}.scale-100.png" Size="737" LfhSize="99"><Block Hash="j4HTQ2qnpnXtbhf3O8r6yAfQcKkQ+jKGqwzkrkN7Ij0="/></File><File Name="ProfileIcons\pwsh-preview.scale-200.png" Size="809" LfhSize="69"><Block Hash="R9LC+1BMt6vnkYS6WFfqePiy3a5WZ6U6dHLEIdEhufY="/></File><File Name="ProfileIcons\pwsh.scale-100.png" Size="750" LfhSize="61"><Block Hash="HocOTu2hRA5cjutnOAZGa+rxVusm36QVOUgNI0M/5eI="/></File><File Name="ProfileIcons\pwsh.scale-125.png" Size="1051" LfhSize="61"><Block Hash="b8qjjJHLyWHcabKdmOJDIwSJZdvFPzVw4L1oP9S7YWE="/></File><File Name="ProfileIcons\pwsh.scale-150.png" Size="989" LfhSize="61"><Block Hash="8feRkaeporPPMqfdPsI4EElPqt3g/O/CnjqbALFV3AM="/></File><File Name="ProfileIcons\pwsh.scale-200.png" Size="1357" LfhSize="61"><Block Hash="ador5tBFYoF+t+N5w5S9c4NxiCttswoaDDBKc3nWdEM="/></File><File Name="ProfileIcons\{0caa0dad-35be-5f56-a8ff-afceeeaa6101}.scale-100.png" Size="243" LfhSize="99"><Block Hash="t3TxtRZn+m7k7M+VaNrdXepA5574R+Fj6AsnnVUzhRE="/></File><File Name="defaults.json" Size="20331" LfhSize="43"><Block Hash="yDAJotKNHoiryPBnRGDIdHfLcQ/Lhp0l2isrUTZzMvw=" Size="3346"/></File><File Name="ProfileIcons\{b453ae62-4e3d-5e58-b989-0a998ec441b8}.scale-200.png" Size="943" LfhSize="99"><Block Hash="2xgrUhKdbNZvpg6ex05pA2nrBTaZpY71cH2pxDmdYP4="/></File><File Name="ProfileIcons\{b453ae62-4e3d-5e58-b989-0a998ec441b8}.scale-100.png" Size="480" LfhSize="99"><Block Hash="gYDxDjdG3jg3ILG6cI84WWLWZpb2iSxR3aSqfMDI3gI="/></File><File Name="NOTICE.html" Size="16534" LfhSize="41"><Block Hash="ru3IPTsyg4tbbUaxvUK3LpOHLYiYo07AF5OGiZIpZUY=" Size="3361"/></File><File Name="WindowsTerminalShellExt.dll" Size="82432" LfhSize="57"><Block Hash="tBqAHi7mN8ciErXt9jHYWtWxzYwP7lvA1Kx63wXUDL8=" Size="32498"/><Block Hash="Cwr5I1nhW3TpPRfFVn8AzS+k8S7vWhsOw/RAUZDsFoU=" Size="7036"/><b4:FileHash Hash="LpnODlh9I7A1xb3H4Ns9p/ATmibMDh6BvTxGKvovYps="/></File><File Name="Microsoft.Terminal.Remoting.winmd" Size="18432" LfhSize="63"><Block Hash="AehfAzdAmDfglYQTilUIzJ2rp1nJhbHc/BNvHZ1XHEg=" Size="6913"/></File><File Name="Microsoft.Terminal.Remoting.dll" Size="252416" LfhSize="61"><Block Hash="yjMZ/oTBnjz/XX/uEE9Ykk6cqonB82cY40ebgv9PSUw=" Size="28288"/><Block Hash="onvX9qkOr3viqV8j9CZpPixxDLdWUXTRVnGKm5GTxLM=" Size="30390"/><Block Hash="1qA04qBbzi0hR4A3RIOwSFdgyjCM4NFH99tdpyy4pHk=" Size="26890"/><Block Hash="70Bu2xZJ8oWt7h5Q7/sQv9jS3RIEelsKwyVmShk7DdI=" Size="25320"/><b4:FileHash Hash="M7bcHY4Gamli7rVJ+rIdhG8tqR8wkgoR9GPIxwUvDxE="/></File><File Name="OpenConsoleProxy.dll" Size="9216" LfhSize="50"><Block Hash="GVydHWtIqQaJNF7VEb+LcyjdAuR9SK3u3DTSapsU44U=" Size="2953"/></File><File Name="Microsoft.Terminal.TerminalConnection.winmd" Size="7168" LfhSize="73"><Block Hash="rLVb7xc9q5S7xCIHeYdBYZZfmt08fkklEIaBKYErnBw=" Size="2909"/></File><File Name="TerminalConnection.dll" Size="437760" LfhSize="52"><Block Hash="onpiZDIChjTcOdqCx+g7JDFC8jDPiVMdc1PvsjyEyME=" Size="34990"/><Block Hash="Mx/BDfUUN/cIq9dAkHPa4txQW25piMVUOR9FP1lopgs=" Size="29178"/><Block Hash="pgXSwoXke3uJYqgCdoQmWDuvmBhPOTDWlIdGwxem3TU=" Size="25737"/><Block Hash="EkE/N1z76FPCmh0C2lacS2PZiEk2zqIzaOhq4mgL/KU=" Size="30514"/><Block Hash="8F//vP2Y67o6lkbQmI+yyfhFH+s9/4JYaMVcccFLMQo=" Size="31116"/><Block Hash="WkUh5QLcXrsGBTh0c9C46ks6iyMZzkXy8mDgQrkoAwI=" Size="30715"/><Block Hash="3OjFtta7gLd0IoEH40mJJXrgpF6JUu05NgZEZ0JIRtY=" Size="17750"/><b4:FileHash Hash="bsrg8ip2xyJsE8M79Y0cZ+mvQasVbCNpV4FeTUE8FJY="/></File><File Name="Microsoft.Terminal.Control.winmd" Size="37888" LfhSize="62"><Block Hash="tFYMGKm7wiRgapoUyXf7PFZsWo+dzUaSEbrJo8I2kiM=" Size="14934"/></File><File Name="Microsoft.Terminal.Control.dll" Size="1314304" LfhSize="60"><Block Hash="mt+z3pbevNX+/gVPWALJESahEMGx9Cp3uOj5jt6flAQ=" Size="38786"/><Block Hash="kIiAFsCn0KdLfBMy1st05hh7MvsgAKlu9ggSbPj1uzM=" Size="33150"/><Block Hash="5NFDaTqxMQv2bcDYk+Nu1Vi+HfipKw/lcgmR9S/u7V0=" Size="34702"/><Block Hash="RcbxoRA/fn8vNQbTDjPK2lSIKv9AeB1m+3Lelop2czU=" Size="27718"/><Block Hash="FB27uhaArMRORDeH4mKi4786T9UnyT4KuhvHxL3fHPk=" Size="25876"/><Block Hash="rxn7MUZxs/7EygGwADmRX7a6l/Dq1Bv9HtB6smSDK4k=" Size="34975"/><Block Hash="OiqeeyHNj4Ecj8x7ZGLxGgIS1Ykv0GHPhB1e91kQOxA=" Size="32932"/><Block Hash="94+0UsKQwXnQk/7Lh9YD+B8+mGiq7H1CCndWVWUgAWI=" Size="24323"/><Block Hash="3jh/7k6GUpMfCyvaOJFmagZvqBKsf0EsqY5L9CwQEfc=" Size="23902"/><Block Hash="IPubR9XkZ7HR0YYcDuMZOmo2S9FEx258v+f1pMByHpU=" Size="26797"/><Block Hash="k3g9GjQ4ctnGdH/FQZj6OOgo8EeziDBw5g9ZonZkMo4=" Size="27337"/><Block Hash="SN07Mt0aPyCp3y5E+gbUWn39W2keTwnKp03fLM794Z8=" Size="34099"/><Block Hash="RaToM1Jvv3Kk7kQN9K4PqW0bZDy5J2L8EbEDkB4MEKA=" Size="35041"/><Block Hash="3dBWXft0G9jH+2l9ZJ4QRLYarX4N3Vt8jq7Y8qlZoAI=" Size="35514"/><Block Hash="PRAhLicvZCduz9UHOGbR9R9Ylo2VvDFm6p4gw2296g0=" Size="29207"/><Block Hash="EtOy6A+apPcUyQuQzkPSKmBY6cNGrdM2U6rj0ZIcRyE=" Size="26036"/><Block Hash="P9u0yGPG0bfWEnzD9ywTZ3ZQ+P4JaOoEpJ9H9JPvZFw=" Size="32999"/><Block Hash="tpHQ9nPj3rpHtDhiGu8PIEiaT4b9gNcTYbDtPflILfw=" Size="27687"/><Block Hash="943cfw0UrNDCnFo9csR1W2VwgoIZDvU/FiP9wJAwtH8=" Size="27446"/><Block Hash="mGNMoTBp47zcrJlYTsKRvujm3pQY125ssdZyXrWpqBg=" Size="31160"/><Block Hash="wsnXmq4+SAavpTgfxzSi5z8le5yD0PaSQ6iT9ugw6UA=" Size="1405"/><b4:FileHash Hash="iL68+NhHI0zQRtwA31Z0CX0+JtJSU3wdnx76P36Q1eM="/></File><File Name="Microsoft.Terminal.Settings.Model.winmd" Size="96768" LfhSize="69"><Block Hash="sDjgDWZu4r8oPdJxlcBmGoJ7MWPS5DKL4/TqSoEomEk=" Size="26465"/><Block Hash="50nSWUCjZIS4dy5zvAifNnYuJ2IjHFymOyFbhq0xJbg=" Size="9226"/><b4:FileHash Hash="HF1plONyNz7s3sf1ixcFceZN4phLgAdFgTAQxETqmzU="/></File><File Name="Microsoft.Terminal.Settings.Model.dll" Size="1538048" LfhSize="67"><Block Hash="VuPXmlvp4JXMz6aIsbMYImUtl1aloWmB6Cx3wmoo27Y=" Size="32286"/><Block Hash="5t7d86BtMkWaJ9p+Jv7ExStvoRoVnnYsyybfQ87eDgQ=" Size="34039"/><Block Hash="cMkJGxMZYUr38jwjmZILV1MyYDzs6SgcYjRUWDrd2gs=" Size="34556"/><Block Hash="6ErbyktniHI6e0RtxJRlcRozr6yaxlcUaFlxeGZrLc8=" Size="31755"/><Block Hash="vIEebEcXlv8C0GSkuaNa4vMeO02CIapEqDYvxGw6mw0=" Size="23137"/><Block Hash="ZDafN2vCwqb7WHHNDR8ZMrfAYfjShg2/HZZKJv63jVE=" Size="27772"/><Block Hash="qqxvQEdMe9FpgbFxWjmiPAIECijrt0cDCADV/REYNjE=" Size="34813"/><Block Hash="cP2qwieBM9MZsf+m39jAXnnV3kpRAbcjPZBTL3t4K0M=" Size="32378"/><Block Hash="37Qlrh7FoxKr1EAffX0D7/Z2nINBQkP4n9kCmbxLL5M=" Size="23157"/><Block Hash="d2bA4cIzPgn4ydXBOmUuyX4QUlpV73iMPVEMucb8lcQ=" Size="23137"/><Block Hash="3dwVJu/sYOPINDc9sUps7jUQd7chnlcgoHA2Ocdc44U=" Size="29888"/><Block Hash="tg1KPpEaIdsCeTmR28ny/vP2zSPbGmC6NcaNlUV2p40=" Size="22693"/><Block Hash="Tt+hQSg9Gm1NekEOJ4zfjASP6l4LvxnXV26W3xKXe2w=" Size="17462"/><Block Hash="Swk9JYlLsBEv46bKppTgDSFf+VDY77Fr03FE1yUUkH4=" Size="25232"/><Block Hash="8hmeNKjmAn4FThhop/EZ4fonLyJWTGw4XZ8FNyEdPSU=" Size="29421"/><Block Hash="jyADaFoXnY9Ofv4skixlu4AScSwvzMm3F9QNqELqI+0=" Size="31926"/><Block Hash="q6KrZv6f7bTgGosjQQn3+hlV6T7VnpDtmuzmAEuuwPc=" Size="24031"/><Block Hash="vpAqOWFcio2J7UnrjCQD6bm8O46d++Ns9fy0NkCmevU=" Size="23296"/><Block Hash="yUSuz/RP9dzLvERveP8zbT2Q55xdF5+h887Ka8W1hgc=" Size="23723"/><Block Hash="3ymFw7B0wENbhpMrIhKSO4RaAuL5OrVFnO1ip+fPCBw=" Size="32989"/><Block Hash="iWGErSAR3GSQDxD8oKZPLMcRWWdk03vr3k9jMY8G/LU=" Size="26100"/><Block Hash="TyQKuH4q1PzwDlWqvituP0rPqav5KpiG/9BjHQgJiZI=" Size="25436"/><Block Hash="ZUlentY1UVjT67u7IksnbGh+pshW4CSomJsEXZAqUcg=" Size="31886"/><Block Hash="n7q5WG0fB07PAEXuTs2vzaNniDRqtHDbPMV5c3MiY2U=" Size="11030"/><b4:FileHash Hash="irTA2phJJMwXwUq7ir3nBKNew9qiouqKknFP6ZqWNso="/></File><File Name="Microsoft.Terminal.Settings.Editor.winmd" Size="57856" LfhSize="70"><Block Hash="VPngcHuY4uqYdgYiQko2l8JMHAxXeP0UuSDoq7N8ioo=" Size="21195"/></File><File Name="Microsoft.Terminal.Settings.Editor.dll" Size="1646080" LfhSize="68"><Block Hash="dPhUI3Wi2RyK2lxUqN0twpIpUEtYX6As7Mwo8993Vnk=" Size="28425"/><Block Hash="wmUlEP8MHA0hbVs6JkJ8yEgd8pQWHMqY9q0KV9gAt5c=" Size="26444"/><Block Hash="VQn1uK+nVej0+Tx5nugnxsSZuMimBeGPZOm4CMXfe0o=" Size="21261"/><Block Hash="6ytWkFhJtzREFtS6us/chde1mZGIYf9Yqz+BzRCQglA=" Size="26812"/><Block Hash="7EuE0C9iqw3bWeV8VWzy6UN9Xm0Z7nlI1ILXngNCPDQ=" Size="25876"/><Block Hash="dn4dpfMWxJQ6VUUZNXN5gnqekI3rAPaAB1C9LJQLA/U=" Size="25712"/><Block Hash="B9Ovl/SEf0wPm0ohzxmBElcVNdGznCmVu+YxfMM6RHo=" Size="28014"/><Block Hash="XzZI6FNn50yI1LvaxAIKIcx6UokKUX7HprLqRyDCNHI=" Size="22040"/><Block Hash="oAmahkN9rzCuK8Qt/Bvg3Mq4ZSALKE4f3fiOlyAFpnU=" Size="26129"/><Block Hash="DWVM/mSZOHYvFiYIClamIBmo4NhuivnL8fnQhxUzH+I=" Size="25625"/><Block Hash="oxe8+4xGJPYGb7dWopmcpagSRxiSnPAzc6dQ6bvvL1w=" Size="22214"/><Block Hash="XaNJRyraDkHk7ZwsCFMOmdIecOjTmd+sMJjEDI/RohE=" Size="18176"/><Block Hash="MGMxDPWWWAz/f46Kjxs8D1gPum/vmOdhCJumoDwYRQ0=" Size="20332"/><Block Hash="ErXlETQ6+UtvgJiiH/KD/a5om5ukyc8op1H1hI+aSmk=" Size="24828"/><Block Hash="6BedSDvtoKPMuBcIBLImV9D61zKaza9U2Il/a2LERd8=" Size="20055"/><Block Hash="Lml+29V5Fsg0u5j437HedsZBDKz0YBjkE3hs/84oajw=" Size="22476"/><Block Hash="vKMcLSypimdS4tXBF+BEBeb9kP31AFQYY67OsSAKxes=" Size="24196"/><Block Hash="o85SRuDtkDka2zSeiyzqRZFYm+uBfXSWdyOrH4JvJTM=" Size="19806"/><Block Hash="Oy/E3tzgJvYOmdWqAIPqPC96YFXhG+DLYN758wZb5ig=" Size="26127"/><Block Hash="9JZDXGVxMLBV5xYNeBYnOW9s4U86PJOB1ENpHH0x5N4=" Size="23216"/><Block Hash="ChOhCJxmLyH51fEmguezGhA6SF141YzKSjwpl7rrKDA=" Size="24524"/><Block Hash="9I8yFPSI9iCxeiFVJOrUJO6fG1AKTJ3wQDatE3KQM5Y=" Size="26890"/><Block Hash="IxgBlEVAI+uoIG47pciV9O0ShymNiP57S3rNvgIAk2o=" Size="26265"/><Block Hash="fAozYAvqqLBtZHUzCDCIWbXnPF78ewlLzPDEA817gUY=" Size="27947"/><Block Hash="DJPM4abxDpU0LQfTWJveh7mTPjoUFTA1IPkpmsg0Jyg=" Size="29476"/><Block Hash="Tz3Dqn8vGtBWlysvm2/mmkpeqfAuYYGG/dF3tvFfcNg=" Size="1527"/><b4:FileHash Hash="yEAmthQISZmTC8R3PsUomrw88rj+b2lOvnLzQadQKfc="/></File><File Name="TerminalApp.winmd" Size="52736" LfhSize="47"><Block Hash="AHq50oGdFIpGY+QOHnDlckI1m/KapkEU4ly6pAKxpPM=" Size="19958"/></File><File Name="TerminalApp.dll" Size="3215360" LfhSize="45"><Block Hash="aP3MnJhl1HXM04A/RM6nUc3t94AWqqrBnR7m6nyrX50=" Size="32970"/><Block Hash="BXYYYI0OV9pn4Hz9+bXxnVBq9b0nUlJZossMEuKWNE0=" Size="32192"/><Block Hash="8zMti6sz8KJKY3CzHHXXS3S98TT3EEL5AdAJGM+xeEE=" Size="35400"/><Block Hash="PHbj0/0ArQdsUGyQz2Tth6LS1HFbeUOBfHJMJuRYauI=" Size="29536"/><Block Hash="LufNj4UgmHAr0A0pygB9LxVzr5HcBmXI2RSLr0WeRc0=" Size="30592"/><Block Hash="eYJps8I551M/DMTtzNG0zUssMlFg5QONnJr1dIZ/LjY=" Size="25564"/><Block Hash="jT89MRzaeHPBqAgq92ohSP4OZPs+vgPfWUU03LKHm6w=" Size="24795"/><Block Hash="2Ew5KSgpOwaaR0AFCdwnnZPXdo8AyivZ9fNOI4JIbgs=" Size="26051"/><Block Hash="7Sf4eEcsqTudQeAK3KdJrhemwc7UAiK/WRsyltii5ng=" Size="29110"/><Block Hash="z8EIVB+D3QMirKkBnsswRY6uMfdEQntfAStMdhTORt8=" Size="36207"/><Block Hash="uvL2V51v3WAjFQ57yDbhyLYltTKBxNEuxAT7ofe5hvg=" Size="31326"/><Block Hash="5XxC12cQ2XopCqk0YfraJGzXzp2z4Y+yEl122z9VDZQ=" Size="27073"/><Block Hash="vVoo6i9LzTz5xinb8q21E9b929PI/nNoEUuGZeqFlyU=" Size="21799"/><Block Hash="Y/81WX9WJMYRh674LCKAncxk+auXamw+YsqtqhaInXI=" Size="26626"/><Block Hash="kCdL8xIt/cUzZnqnARgsLou0AcBeElOeKd9kHe0QpTE=" Size="20250"/><Block Hash="IyibGciuuEmmo1LwR/9HECalv0JkdTr0Hp2ZHhSUr2o=" Size="29333"/><Block Hash="IuEPZXZ1ZNcIZ5KemzZqIxHOBxHm9h1sJC3ok0lT8D8=" Size="29848"/><Block Hash="ywhJwwoydXCcCvdQDe1Th1N8i24KMupJbHS3/H+uD7s=" Size="29063"/><Block Hash="70zAraiKbFI5z/5jPJOqBb6g8XOOGjgbscPRi5TrpLw=" Size="22930"/><Block Hash="6fdAZve5VJOZE5ToQV+PyLXS+1sSR2deMb614zX15l8=" Size="31075"/><Block Hash="TYK6NCvwIoYUR7HMQpM0TVdxA/W1X5tunUHO6172wd0=" Size="29470"/><Block Hash="QBYoJMHoDGm/owEMXtLqJVFLyYKykkL6XAa9lVSJ5x4=" Size="29203"/><Block Hash="bhGHrn2uT+hNmobSZiP3tY4NvekMxhWREs+Tb2wfSjE=" Size="19783"/><Block Hash="O8dkAUCTGWfkji2rmsajEajb+zg34TmPrIJgMAjhAl4=" Size="12578"/><Block Hash="cH/TG/7zn9cDOTKgs/F7eZ2z4dHsq7pQuDsvlQiC44w=" Size="9661"/><Block Hash="3aBeSLypzCm12Dj32BkCHJNlMywgJhqVPGX2uxpKmRw=" Size="10257"/><Block Hash="6vfkQTKTQt5IzipAjq90l0j5Qf888yfVSFmhOMaGYOY=" Size="9654"/><Block Hash="5+4juWxaw3B1m5AWQbRYQZm1DmcPhdEBEFNsr0xMxGM=" Size="9726"/><Block Hash="StWRrVh5tVWI+CbQGluDcD/cQ3WxTGgrXyRgcWJWP88=" Size="10578"/><Block Hash="7SBoo1+8fcdEAQ5FkcaONeyp+em3Z9lkeCs5jNsAlC0=" Size="10077"/><Block Hash="pC8gSTz7N2H8s+0ET8yo+upWL1TG/kGde4+C1mvjT4s=" Size="24714"/><Block Hash="LvDjSao14JvPiQ7CIovRRnp3v0USmFsFjYSi67yvYBI=" Size="24994"/><Block Hash="rGWPE/W+uJHBjfObUMU2CU8Qx8jZ6B9uElML6yQuCxs=" Size="33782"/><Block Hash="nXrBbSMjWr0ToHfuvAC4yL3773AucV8jzInvlhJHHkg=" Size="28096"/><Block Hash="SAjUGgMTRfeH0SRsTVvoiSL5FT/2RqlvlD95ZFSmQ8Q=" Size="28799"/><Block Hash="a1CzSQqgqOGucS7UxgdGpHpqNRFsNED96uTHWsscTTo=" Size="23351"/><Block Hash="sTbaUgIQ6pwCjJWz5pbB9fQtNyPnVA1F0zxV89fhtq0=" Size="3542"/><Block Hash="ZoogvLbFzWWqPNhuqqypfE+A1/e4z84kDV6ep7ZiYOg=" Size="4271"/><Block Hash="q9cyfcNghjJ8tKRcP66vOqEYIXeEG9dr9B5Eqmar850=" Size="2673"/><Block Hash="1Rtn4f9u8zdXzd2VV+49vIXW9WKYymcv7GGh/lIaRx0=" Size="3286"/><Block Hash="1YOsxLa26PohW2bR/Y9a20xsuBCbgCBuZ5DRwy9OnK8=" Size="3852"/><Block Hash="1pAZC/18/Np8ufLYvPRijrtQkMhEQ0aQg4RKd+QVVoU=" Size="3849"/><Block Hash="ELUYljmuoHH+WOZTyYVgS0dBQNJp81lH49oQU4mO13U=" Size="3133"/><Block Hash="IFKFhixerm51iClQHBqns7AgeK8k7+TbztmTohNSMnY=" Size="2453"/><Block Hash="Rf5PnbIcQejtNfhbk6ueIz13EYBA9Rcr1W866DuHFRU=" Size="4736"/><Block Hash="W4tzmD5s40xUQbPuC8lEzdPxidVfmLb5Vqu21lzBN3o=" Size="2728"/><Block Hash="WZFWRQ/HsF34HZuj5WnF+rjJ8AYsJr27/jXVaexHNgQ=" Size="4702"/><Block Hash="zD5wN2WwbDK1gGwcf2gIWH2KCA4SvE80Vnih4ZLWOIw=" Size="31805"/><Block Hash="RR6n7GNKYbyey76Z7mdniAz+k3W2LyfJ4ezblI5hL64=" Size="26915"/><Block Hash="4nr7VJn4DGgqdU8BLIY/Ep83UptF96g5BsXlaK5i7pA=" Size="2168"/><b4:FileHash Hash="Xw4AuRQqfBVKZ5mMIaAIFFEpQede9f2Ax5OFhuo5Oa8="/></File><File Name="OpenConsole.exe" Size="1098752" LfhSize="45"><Block Hash="xilNkfq0UUniLG8hw7DM57l5cWoNYYJGUZh7VG4x7P8=" Size="38511"/><Block Hash="xLf2NApE4evcALrss4fc7ZVUw2iUbQXVjXuBiDwAaTY=" Size="38230"/><Block Hash="EeIVVm59b+V9JZalH8KY/ZcatpOJC7yC1AnE+DklTnk=" Size="35378"/><Block Hash="xLQgRvscFYkqvml+8ccoP8SUsJepueT/t9ztLjjN/CI=" Size="37912"/><Block Hash="WbELnRRa0uNZmhkC0lW/p/nPNBgTS6FDU4eqPESBdb0=" Size="37536"/><Block Hash="jR4soMAioOORCId5TlvI5Q1fvoGkSAH2rEnaC+XCbaQ=" Size="33846"/><Block Hash="vST9RwaGzc2f4wWEg/DIRRt+CYaceuIeCOkZANso/wQ=" Size="31650"/><Block Hash="ZxCZvRE49oktEDeOe/RWnNP2P2PluWlD6BwfZ5yxjcY=" Size="36011"/><Block Hash="vcKbly1TG3xcS4q3lSj8dxkjUDkqgSeeYYK2lVo1yYs=" Size="35096"/><Block Hash="cvwpPX4n60AOLUZqNY+FgMoPl4sJkcBrudLGttkVMB4=" Size="35453"/><Block Hash="R+BNms7LSwNVdrU0SW7JIsR6x7g0drkGRYZs8e/Edwc=" Size="34945"/><Block Hash="Dpm+53Ubri3bnmVxKmUDR7rlMKzJYOTOMNULPJyeUvo=" Size="35594"/><Block Hash="wpcw2TIaPru4v8BiK5NlfOFBN/PdX4Kz0DiE8Gehldg=" Size="27496"/><Block Hash="rQhP0dnWG49XdH8iSN8/z3x2myw6uhK0dnVGl+TAxpQ=" Size="30179"/><Block Hash="DHqZcHzTWsv5Of1hHc1DoXXp6bXUw9X53zXnE9b3KKk=" Size="32128"/><Block Hash="9hQBaD/jVDFWdyXgQP2ecO3P/NF1tqcmmX5j1gT+vFI=" Size="29035"/><Block Hash="KWrnEMy6G5l8gu5zSN4nc6wJ+YMlAhwrDJ7N0SKMKKY=" Size="17481"/><b4:FileHash Hash="emmV2QL2tjMGHV7q3ISC1VspfmQuExO+/hc19QPfY2Y="/></File><File Name="WindowsTerminal.exe" Size="499712" LfhSize="49"><Block Hash="wCF4vTeXLofhMVuSDurO2urtoGMQhVjkZ9X1L0QMC04=" Size="32346"/><Block Hash="SU9BHKPPZwut69S5FiKMt0cp5TPaE+LctXbMExqU7Bg=" Size="33706"/><Block Hash="f76WLgHPyNQ7u1CLT57MiA39GDdxs6WkDXk19zO5gxc=" Size="27572"/><Block Hash="oOJ8OcIQ8OItHkYbQ0UDJocYNSMKvc7RNRYiu/dQ18c=" Size="33039"/><Block Hash="DIb9Pfpwiy/3+qPyOnXE4cmgQwqT1fIDEJgTBUw82cA=" Size="31046"/><Block Hash="/P0n0XnVj9Ea3ycaKE8ey8H+Wu/+KYpMaeMbbdsINs0=" Size="20375"/><Block Hash="7ClQSz0z09pPQxerEcUchysOAtW5qhCWCEvfAXvZtjY=" Size="5316"/><Block Hash="H0BJDdqYp8AkcbDyY4vZ503pi1wvExNJOnR/H83G+ag=" Size="6284"/><b4:FileHash Hash="rvaT3AdYthBGl3eYrK7O/7JOt1rYsRC09wvwIJ5qv5A="/></File><File Name="TerminalAzBridge.exe" Size="67584" LfhSize="50"><Block Hash="kh7Qr5tlDjHGY6oV0pJlw0gBIEmVyVzFAODbSLssDa8=" Size="31050"/><Block Hash="S1tzA69s1p22XFA/Zmvch8uaB1jZ0z9ePGlYjY1oq3E=" Size="721"/><b4:FileHash Hash="zECA1JO8Hr3/z+kLn4UXLzzkVYDWAgvwDcxkHZOIGm4="/></File><File Name="wt.exe" Size="96256" LfhSize="36"><Block Hash="FFJa4WOnQxVRDfdMaJ1wS8oSLAYVt/4kjclOwZgbPSk=" Size="32118"/><Block Hash="/18sgixSfTFIEP7sHKpfpQHVviuutFzLve+wuYuJrJs=" Size="4240"/><b4:FileHash Hash="y/szYXs7qkKSjWq6lz0XlublWcY7D7NyDp4HXAsrV5Q="/></File><File Name="elevate-shim.exe" Size="94720" LfhSize="46"><Block Hash="KgcISirTBdUHaAiq/eTdHa4f5/dQofQDTjsxigYWAMk=" Size="31245"/><Block Hash="6lZ1KLTpC3OYNIwMtfpDkcOxz/WnwAHBa7xoUPd3nSQ=" Size="4244"/><b4:FileHash Hash="8qyjQsxwvx41pPmFHlB3EIDoMZltpa2mVG1cQOtETAM="/></File><File Name="BuildInfo.xml" Size="377" LfhSize="43"><Block Hash="cAE7G5e/eMs5jK8u0XN1LI+9ISZKoJGuFZelYzkp0eY=" Size="260"/></File><File Name="resources.pri" Size="776040" LfhSize="43"><Block Hash="DyJGuX0BriSJpDFidcLH3RG2gBfJxnk4VRSe/QOa2Do=" Size="25204"/><Block Hash="lMlyX/tsZhhhsJxw/TVdfhgptNXlTu6spo+KC/7mjbM=" Size="16810"/><Block Hash="1s6LvC0HScCkYCzZOc42y/B7SiWMXS3UUdoER3tkqTQ=" Size="17866"/><Block Hash="lg672/npM1VUnowtLczmcJhfJabEE7+9mAXpxdUsHms=" Size="14468"/><Block Hash="naM+hNTs9DHwepjzfzT0mdnlSBdZj48Pt3mEodQsCSY=" Size="22662"/><Block Hash="1M1glMlMNKs2QZJxbxj747JhG4T0xyPQ3+KZGJ0W/RI=" Size="24320"/><Block Hash="z5Bx2fV0/I7VwOMTqICyMEq4W7eo3HMNeR9iTNFG5tM=" Size="26808"/><Block Hash="5xrtpRNqfU0CVMSGYws6ke+GCoSetOI8vym0kSdCLTE=" Size="30653"/><Block Hash="7SW1B42Mlioz5tW3WLj0xBOSO/ndDHtEpEcKlCdQbBY=" Size="35826"/><Block Hash="bPWXoAaSWR7qHpofoIejOijSVovsJ5RSY1WbeS7wRrI=" Size="36767"/><Block Hash="yZc+hpy5HVWpqFjRMXhu0sQzDYXDRw/4RpzjPPOsy5g=" Size="23601"/><Block Hash="AHr4PbnqTN8UBaxGwEatgrnvggI275WZQndIknP9Tfc=" Size="16078"/><b4:FileHash Hash="7SjzfdDKVKKeMjhJEP0My6qO6Ldx9lYWUaivrUh40kw="/></File><File Name="AppxManifest.xml" Size="25014" LfhSize="46"><Block Hash="ud1jHJlZ0UZPX6Rh3R+7KOsa3nd0TDxOHXswF06FUKI=" Size="3915"/></File></BlockMap>