﻿<?xml version="1.0" encoding="utf-8"?>
<Package xmlns="http://schemas.microsoft.com/appx/manifest/foundation/windows10" xmlns:mp="http://schemas.microsoft.com/appx/2014/phone/manifest" xmlns:com="http://schemas.microsoft.com/appx/manifest/com/windows10" xmlns:uap="http://schemas.microsoft.com/appx/manifest/uap/windows10" xmlns:uap3="http://schemas.microsoft.com/appx/manifest/uap/windows10/3" xmlns:uap4="http://schemas.microsoft.com/appx/manifest/uap/windows10/4" xmlns:uap5="http://schemas.microsoft.com/appx/manifest/uap/windows10/5" xmlns:uap7="http://schemas.microsoft.com/appx/manifest/uap/windows10/7" xmlns:desktop="http://schemas.microsoft.com/appx/manifest/desktop/windows10" xmlns:desktop4="http://schemas.microsoft.com/appx/manifest/desktop/windows10/4" xmlns:desktop5="http://schemas.microsoft.com/appx/manifest/desktop/windows10/5" xmlns:rescap="http://schemas.microsoft.com/appx/manifest/foundation/windows10/restrictedcapabilities" IgnorableNamespaces="uap mp rescap uap3 build" xmlns:build="http://schemas.microsoft.com/developer/appx/2015/build">
  <!--
    THIS PACKAGE MANIFEST FILE IS GENERATED BY THE BUILD PROCESS.

    Changes to this file will be lost when it is regenerated. To correct errors in this file, edit the source .appxmanifest file.

    For more information on package manifest files, see http://go.microsoft.com/fwlink/?LinkID=241727
  -->
  <Identity Name="Microsoft.WindowsTerminal" Publisher="CN=Microsoft Corporation, O=Microsoft Corporation, L=Redmond, S=Washington, C=US" Version="1.14.2282.0" ProcessorArchitecture="x64" />
  <Properties>
    <DisplayName>ms-resource:AppStoreName</DisplayName>
    <PublisherDisplayName>Microsoft Corporation</PublisherDisplayName>
    <Logo>Images\StoreLogo.png</Logo>
  </Properties>
  <Dependencies>
    <TargetDeviceFamily Name="Windows.Desktop" MinVersion="10.0.22000.0" MaxVersionTested="10.0.22000.0" />
    <PackageDependency Name="Microsoft.VCLibs.140.00.UWPDesktop" MinVersion="14.0.30035.0" Publisher="CN=Microsoft Corporation, O=Microsoft Corporation, L=Redmond, S=Washington, C=US" />
    <PackageDependency Name="Microsoft.UI.Xaml.2.7" MinVersion="7.2208.15002.0" Publisher="CN=Microsoft Corporation, O=Microsoft Corporation, L=Redmond, S=Washington, C=US" />
  </Dependencies>
  <Resources>
    <Resource Language="EN-US" />
    <Resource Language="EN-GB" />
    <Resource Language="AF-ZA" />
    <Resource Language="AM-ET" />
    <Resource Language="AR-SA" />
    <Resource Language="AS-IN" />
    <Resource Language="AZ-LATN-AZ" />
    <Resource Language="BG-BG" />
    <Resource Language="BN-IN" />
    <Resource Language="BS-LATN-BA" />
    <Resource Language="CA-ES" />
    <Resource Language="CA-ES-VALENCIA" />
    <Resource Language="CS-CZ" />
    <Resource Language="CY-GB" />
    <Resource Language="DA-DK" />
    <Resource Language="DE-DE" />
    <Resource Language="EL-GR" />
    <Resource Language="ES-ES" />
    <Resource Language="ES-MX" />
    <Resource Language="ET-EE" />
    <Resource Language="EU-ES" />
    <Resource Language="FA-IR" />
    <Resource Language="FI-FI" />
    <Resource Language="FIL-PH" />
    <Resource Language="FR-CA" />
    <Resource Language="FR-FR" />
    <Resource Language="GA-IE" />
    <Resource Language="GD-GB" />
    <Resource Language="GL-ES" />
    <Resource Language="GU-IN" />
    <Resource Language="HE-IL" />
    <Resource Language="HI-IN" />
    <Resource Language="HR-HR" />
    <Resource Language="HU-HU" />
    <Resource Language="HY-AM" />
    <Resource Language="ID-ID" />
    <Resource Language="IS-IS" />
    <Resource Language="IT-IT" />
    <Resource Language="JA-JP" />
    <Resource Language="KA-GE" />
    <Resource Language="KK-KZ" />
    <Resource Language="KM-KH" />
    <Resource Language="KN-IN" />
    <Resource Language="KO-KR" />
    <Resource Language="KOK-IN" />
    <Resource Language="LB-LU" />
    <Resource Language="LO-LA" />
    <Resource Language="LT-LT" />
    <Resource Language="LV-LV" />
    <Resource Language="MI-NZ" />
    <Resource Language="MK-MK" />
    <Resource Language="ML-IN" />
    <Resource Language="MR-IN" />
    <Resource Language="MS-MY" />
    <Resource Language="MT-MT" />
    <Resource Language="NB-NO" />
    <Resource Language="NE-NP" />
    <Resource Language="NL-NL" />
    <Resource Language="NN-NO" />
    <Resource Language="OR-IN" />
    <Resource Language="PA-IN" />
    <Resource Language="PL-PL" />
    <Resource Language="PT-BR" />
    <Resource Language="PT-PT" />
    <Resource Language="QPS-PLOC" />
    <Resource Language="QPS-PLOCA" />
    <Resource Language="QPS-PLOCM" />
    <Resource Language="QUZ-PE" />
    <Resource Language="RO-RO" />
    <Resource Language="RU-RU" />
    <Resource Language="SK-SK" />
    <Resource Language="SL-SI" />
    <Resource Language="SQ-AL" />
    <Resource Language="SR-CYRL-BA" />
    <Resource Language="SR-CYRL-RS" />
    <Resource Language="SR-LATN-RS" />
    <Resource Language="SV-SE" />
    <Resource Language="TA-IN" />
    <Resource Language="TE-IN" />
    <Resource Language="TH-TH" />
    <Resource Language="TR-TR" />
    <Resource Language="TT-RU" />
    <Resource Language="UG-CN" />
    <Resource Language="UK-UA" />
    <Resource Language="UR-PK" />
    <Resource Language="UZ-LATN-UZ" />
    <Resource Language="VI-VN" />
    <Resource Language="ZH-CN" />
    <Resource Language="ZH-TW" />
  </Resources>
  <Applications>
    <Application Id="App" Executable="WindowsTerminal.exe" EntryPoint="Windows.FullTrustApplication">
      <uap:VisualElements DisplayName="ms-resource:AppName" Description="ms-resource:AppDescription" BackgroundColor="transparent" Square150x150Logo="Images\Square150x150Logo.png" Square44x44Logo="Images\Square44x44Logo.png">
        <uap:DefaultTile Wide310x150Logo="Images\Wide310x150Logo.png" Square71x71Logo="Images\SmallTile.png" Square310x310Logo="Images\LargeTile.png" ShortName="ms-resource:AppShortName">
          <uap:ShowNameOnTiles>
            <uap:ShowOn Tile="square150x150Logo" />
            <uap:ShowOn Tile="wide310x150Logo" />
            <uap:ShowOn Tile="square310x310Logo" />
          </uap:ShowNameOnTiles>
        </uap:DefaultTile>
      </uap:VisualElements>
      <Extensions>
        <uap3:Extension Category="windows.appExecutionAlias" Executable="wt.exe" EntryPoint="Windows.FullTrustApplication">
          <uap3:AppExecutionAlias>
            <desktop:ExecutionAlias Alias="wt.exe" />
          </uap3:AppExecutionAlias>
        </uap3:Extension>
        <uap3:Extension Category="windows.appExtensionHost">
          <uap3:AppExtensionHost>
            <uap3:Name>com.microsoft.windows.terminal.settings</uap3:Name>
          </uap3:AppExtensionHost>
        </uap3:Extension>
        <uap5:Extension Category="windows.startupTask">
          <uap5:StartupTask TaskId="StartTerminalOnLoginTask" Enabled="false" DisplayName="ms-resource:AppName" />
        </uap5:Extension>
        <uap3:Extension Category="windows.appExtension">
          <uap3:AppExtension Name="com.microsoft.windows.console.host" Id="OpenConsole" DisplayName="OpenConsole" Description="Console host built from microsoft/terminal open source repository" PublicFolder="Public">
            <uap3:Properties>
              <Clsid>{2EACA947-7F5F-4CFA-BA87-8F7FBEEFBE69}</Clsid>
            </uap3:Properties>
          </uap3:AppExtension>
        </uap3:Extension>
        <uap3:Extension Category="windows.appExtension">
          <uap3:AppExtension Name="com.microsoft.windows.terminal.host" Id="Terminal" DisplayName="Terminal" Description="Terminal host built from microsoft/terminal open source repository" PublicFolder="Public">
            <uap3:Properties>
              <Clsid>{E12CFF52-A866-4C77-9A90-F570A7AA2C6B}</Clsid>
            </uap3:Properties>
          </uap3:AppExtension>
        </uap3:Extension>
        <com:Extension Category="windows.comInterface">
          <com:ComInterface>
            <com:ProxyStub Id="3171DE52-6EFA-4AEF-8A9F-D02BD67E7A4F" DisplayName="OpenConsoleHandoffProxy" Path="OpenConsoleProxy.dll" />
            <com:Interface Id="E686C757-9A35-4A1C-B3CE-0BCC8B5C69F4" ProxyStubClsid="3171DE52-6EFA-4AEF-8A9F-D02BD67E7A4F" />
            <com:Interface Id="59D55CCE-FC8A-48B4-ACE8-0A9286C6557F" ProxyStubClsid="3171DE52-6EFA-4AEF-8A9F-D02BD67E7A4F" />
          </com:ComInterface>
        </com:Extension>
        <com:Extension Category="windows.comServer">
          <com:ComServer>
            <com:ExeServer DisplayName="OpenConsole" Executable="OpenConsole.exe">
              <com:Class Id="2EACA947-7F5F-4CFA-BA87-8F7FBEEFBE69" />
            </com:ExeServer>
            <com:ExeServer DisplayName="WindowsTerminal" Executable="WindowsTerminal.exe">
              <com:Class Id="E12CFF52-A866-4C77-9A90-F570A7AA2C6B" />
            </com:ExeServer>
            <com:SurrogateServer DisplayName="WindowsTerminalShellExt">
              <com:Class Id="9f156763-7844-4dc4-b2b1-901f640f5155" Path="WindowsTerminalShellExt.dll" ThreadingModel="STA" />
            </com:SurrogateServer>
          </com:ComServer>
        </com:Extension>
        <desktop4:Extension Category="windows.fileExplorerContextMenus">
          <desktop4:FileExplorerContextMenus>
            <desktop5:ItemType Type="Directory">
              <desktop5:Verb Id="OpenTerminalHere" Clsid="9f156763-7844-4dc4-b2b1-901f640f5155" />
            </desktop5:ItemType>
            <desktop5:ItemType Type="Directory\Background">
              <desktop5:Verb Id="OpenTerminalHere" Clsid="9f156763-7844-4dc4-b2b1-901f640f5155" />
            </desktop5:ItemType>
          </desktop4:FileExplorerContextMenus>
        </desktop4:Extension>
      </Extensions>
    </Application>
  </Applications>
  <Capabilities>
    <Capability Name="internetClient" />
    <rescap:Capability Name="runFullTrust" />
  </Capabilities>
  <Extensions>
    <uap7:Extension Category="windows.sharedFonts">
      <uap7:SharedFonts>
        <uap4:Font File="CascadiaCode.ttf" />
        <uap4:Font File="CascadiaCodeItalic.ttf" />
        <uap4:Font File="CascadiaMono.ttf" />
        <uap4:Font File="CascadiaMonoItalic.ttf" />
      </uap7:SharedFonts>
    </uap7:Extension>
    <Extension Category="windows.activatableClass.inProcessServer">
      <InProcessServer>
        <Path>Microsoft.Terminal.Control.dll</Path>
        <ActivatableClass ActivatableClassId="Microsoft.Terminal.Control.TermControl" ThreadingModel="both" />
        <ActivatableClass ActivatableClassId="Microsoft.Terminal.Control.ControlInteractivity" ThreadingModel="both" />
        <ActivatableClass ActivatableClassId="Microsoft.Terminal.Control.XamlMetaDataProvider" ThreadingModel="both" />
        <ActivatableClass ActivatableClassId="Microsoft.Terminal.Control.VisualBellLight" ThreadingModel="both" />
        <ActivatableClass ActivatableClassId="Microsoft.Terminal.Control.SearchBoxControl" ThreadingModel="both" />
        <ActivatableClass ActivatableClassId="Microsoft.Terminal.Control.TSFInputControl" ThreadingModel="both" />
        <ActivatableClass ActivatableClassId="Microsoft.Terminal.Control.ControlCore" ThreadingModel="both" />
        <ActivatableClass ActivatableClassId="Microsoft.Terminal.Control.KeyChord" ThreadingModel="both" />
      </InProcessServer>
    </Extension>
    <Extension Category="windows.activatableClass.inProcessServer">
      <InProcessServer>
        <Path>Microsoft.Terminal.Remoting.dll</Path>
        <ActivatableClass ActivatableClassId="Microsoft.Terminal.Remoting.WindowActivatedArgs" ThreadingModel="both" />
        <ActivatableClass ActivatableClassId="Microsoft.Terminal.Remoting.CommandlineArgs" ThreadingModel="both" />
        <ActivatableClass ActivatableClassId="Microsoft.Terminal.Remoting.WindowManager" ThreadingModel="both" />
        <ActivatableClass ActivatableClassId="Microsoft.Terminal.Remoting.Peasant" ThreadingModel="both" />
        <ActivatableClass ActivatableClassId="Microsoft.Terminal.Remoting.SummonWindowBehavior" ThreadingModel="both" />
        <ActivatableClass ActivatableClassId="Microsoft.Terminal.Remoting.RenameRequestArgs" ThreadingModel="both" />
        <ActivatableClass ActivatableClassId="Microsoft.Terminal.Remoting.QuitAllRequestedArgs" ThreadingModel="both" />
        <ActivatableClass ActivatableClassId="Microsoft.Terminal.Remoting.GetWindowLayoutArgs" ThreadingModel="both" />
        <ActivatableClass ActivatableClassId="Microsoft.Terminal.Remoting.Monarch" ThreadingModel="both" />
        <ActivatableClass ActivatableClassId="Microsoft.Terminal.Remoting.SummonWindowSelectionArgs" ThreadingModel="both" />
      </InProcessServer>
    </Extension>
    <Extension Category="windows.activatableClass.inProcessServer">
      <InProcessServer>
        <Path>Microsoft.Terminal.Settings.Editor.dll</Path>
        <ActivatableClass ActivatableClassId="Microsoft.Terminal.Settings.Editor.Profiles_Base" ThreadingModel="both" />
        <ActivatableClass ActivatableClassId="Microsoft.Terminal.Settings.Editor.GlobalAppearance" ThreadingModel="both" />
        <ActivatableClass ActivatableClassId="Microsoft.Terminal.Settings.Editor.SettingContainer" ThreadingModel="both" />
        <ActivatableClass ActivatableClassId="Microsoft.Terminal.Settings.Editor.Launch" ThreadingModel="both" />
        <ActivatableClass ActivatableClassId="Microsoft.Terminal.Settings.Editor.XamlMetaDataProvider" ThreadingModel="both" />
        <ActivatableClass ActivatableClassId="Microsoft.Terminal.Settings.Editor.AddProfile" ThreadingModel="both" />
        <ActivatableClass ActivatableClassId="Microsoft.Terminal.Settings.Editor.ProfileViewModel" ThreadingModel="both" />
        <ActivatableClass ActivatableClassId="Microsoft.Terminal.Settings.Editor.Actions" ThreadingModel="both" />
        <ActivatableClass ActivatableClassId="Microsoft.Terminal.Settings.Editor.MainPage" ThreadingModel="both" />
        <ActivatableClass ActivatableClassId="Microsoft.Terminal.Settings.Editor.Interaction" ThreadingModel="both" />
        <ActivatableClass ActivatableClassId="Microsoft.Terminal.Settings.Editor.KeyChordListener" ThreadingModel="both" />
        <ActivatableClass ActivatableClassId="Microsoft.Terminal.Settings.Editor.Profiles_Advanced" ThreadingModel="both" />
        <ActivatableClass ActivatableClassId="Microsoft.Terminal.Settings.Editor.Profiles_Appearance" ThreadingModel="both" />
        <ActivatableClass ActivatableClassId="Microsoft.Terminal.Settings.Editor.Converters" ThreadingModel="both" />
        <ActivatableClass ActivatableClassId="Microsoft.Terminal.Settings.Editor.Appearances" ThreadingModel="both" />
        <ActivatableClass ActivatableClassId="Microsoft.Terminal.Settings.Editor.Rendering" ThreadingModel="both" />
        <ActivatableClass ActivatableClassId="Microsoft.Terminal.Settings.Editor.ColorSchemes" ThreadingModel="both" />
      </InProcessServer>
    </Extension>
    <Extension Category="windows.activatableClass.inProcessServer">
      <InProcessServer>
        <Path>Microsoft.Terminal.Settings.Model.dll</Path>
        <ActivatableClass ActivatableClassId="Microsoft.Terminal.Settings.Model.ClearBufferArgs" ThreadingModel="both" />
        <ActivatableClass ActivatableClassId="Microsoft.Terminal.Settings.Model.NewTabArgs" ThreadingModel="both" />
        <ActivatableClass ActivatableClassId="Microsoft.Terminal.Settings.Model.FindMatchArgs" ThreadingModel="both" />
        <ActivatableClass ActivatableClassId="Microsoft.Terminal.Settings.Model.SetColorSchemeArgs" ThreadingModel="both" />
        <ActivatableClass ActivatableClassId="Microsoft.Terminal.Settings.Model.SetTabColorArgs" ThreadingModel="both" />
        <ActivatableClass ActivatableClassId="Microsoft.Terminal.Settings.Model.SwapPaneArgs" ThreadingModel="both" />
        <ActivatableClass ActivatableClassId="Microsoft.Terminal.Settings.Model.NextTabArgs" ThreadingModel="both" />
        <ActivatableClass ActivatableClassId="Microsoft.Terminal.Settings.Model.CascadiaSettings" ThreadingModel="both" />
        <ActivatableClass ActivatableClassId="Microsoft.Terminal.Settings.Model.RenameTabArgs" ThreadingModel="both" />
        <ActivatableClass ActivatableClassId="Microsoft.Terminal.Settings.Model.ExportBufferArgs" ThreadingModel="both" />
        <ActivatableClass ActivatableClassId="Microsoft.Terminal.Settings.Model.Command" ThreadingModel="both" />
        <ActivatableClass ActivatableClassId="Microsoft.Terminal.Settings.Model.NewTerminalArgs" ThreadingModel="both" />
        <ActivatableClass ActivatableClassId="Microsoft.Terminal.Settings.Model.PrevTabArgs" ThreadingModel="both" />
        <ActivatableClass ActivatableClassId="Microsoft.Terminal.Settings.Model.SetMaximizedArgs" ThreadingModel="both" />
        <ActivatableClass ActivatableClassId="Microsoft.Terminal.Settings.Model.TerminalSettings" ThreadingModel="both" />
        <ActivatableClass ActivatableClassId="Microsoft.Terminal.Settings.Model.KeyChordSerialization" ThreadingModel="both" />
        <ActivatableClass ActivatableClassId="Microsoft.Terminal.Settings.Model.SplitPaneArgs" ThreadingModel="both" />
        <ActivatableClass ActivatableClassId="Microsoft.Terminal.Settings.Model.RenameWindowArgs" ThreadingModel="both" />
        <ActivatableClass ActivatableClassId="Microsoft.Terminal.Settings.Model.CloseTabArgs" ThreadingModel="both" />
        <ActivatableClass ActivatableClassId="Microsoft.Terminal.Settings.Model.OpenSettingsArgs" ThreadingModel="both" />
        <ActivatableClass ActivatableClassId="Microsoft.Terminal.Settings.Model.CloseTabsAfterArgs" ThreadingModel="both" />
        <ActivatableClass ActivatableClassId="Microsoft.Terminal.Settings.Model.MoveFocusArgs" ThreadingModel="both" />
        <ActivatableClass ActivatableClassId="Microsoft.Terminal.Settings.Model.SwitchToTabArgs" ThreadingModel="both" />
        <ActivatableClass ActivatableClassId="Microsoft.Terminal.Settings.Model.EnumMappings" ThreadingModel="both" />
        <ActivatableClass ActivatableClassId="Microsoft.Terminal.Settings.Model.ApplicationState" ThreadingModel="both" />
        <ActivatableClass ActivatableClassId="Microsoft.Terminal.Settings.Model.ActionEventArgs" ThreadingModel="both" />
        <ActivatableClass ActivatableClassId="Microsoft.Terminal.Settings.Model.MultipleActionsArgs" ThreadingModel="both" />
        <ActivatableClass ActivatableClassId="Microsoft.Terminal.Settings.Model.NewWindowArgs" ThreadingModel="both" />
        <ActivatableClass ActivatableClassId="Microsoft.Terminal.Settings.Model.ExecuteCommandlineArgs" ThreadingModel="both" />
        <ActivatableClass ActivatableClassId="Microsoft.Terminal.Settings.Model.AdjustOpacityArgs" ThreadingModel="both" />
        <ActivatableClass ActivatableClassId="Microsoft.Terminal.Settings.Model.WindowLayout" ThreadingModel="both" />
        <ActivatableClass ActivatableClassId="Microsoft.Terminal.Settings.Model.FocusPaneArgs" ThreadingModel="both" />
        <ActivatableClass ActivatableClassId="Microsoft.Terminal.Settings.Model.CloseOtherTabsArgs" ThreadingModel="both" />
        <ActivatableClass ActivatableClassId="Microsoft.Terminal.Settings.Model.SetFullScreenArgs" ThreadingModel="both" />
        <ActivatableClass ActivatableClassId="Microsoft.Terminal.Settings.Model.MoveTabArgs" ThreadingModel="both" />
        <ActivatableClass ActivatableClassId="Microsoft.Terminal.Settings.Model.MovePaneArgs" ThreadingModel="both" />
        <ActivatableClass ActivatableClassId="Microsoft.Terminal.Settings.Model.TerminalSettingsCreateResult" ThreadingModel="both" />
        <ActivatableClass ActivatableClassId="Microsoft.Terminal.Settings.Model.Profile" ThreadingModel="both" />
        <ActivatableClass ActivatableClassId="Microsoft.Terminal.Settings.Model.IconPathConverter" ThreadingModel="both" />
        <ActivatableClass ActivatableClassId="Microsoft.Terminal.Settings.Model.SetFocusModeArgs" ThreadingModel="both" />
        <ActivatableClass ActivatableClassId="Microsoft.Terminal.Settings.Model.ActionAndArgs" ThreadingModel="both" />
        <ActivatableClass ActivatableClassId="Microsoft.Terminal.Settings.Model.ColorScheme" ThreadingModel="both" />
      </InProcessServer>
    </Extension>
    <Extension Category="windows.activatableClass.inProcessServer">
      <InProcessServer>
        <Path>TerminalConnection.dll</Path>
        <ActivatableClass ActivatableClassId="Microsoft.Terminal.TerminalConnection.ConnectionInformation" ThreadingModel="both" />
        <ActivatableClass ActivatableClassId="Microsoft.Terminal.TerminalConnection.ConptyConnection" ThreadingModel="both" />
        <ActivatableClass ActivatableClassId="Microsoft.Terminal.TerminalConnection.EchoConnection" ThreadingModel="both" />
        <ActivatableClass ActivatableClassId="Microsoft.Terminal.TerminalConnection.AzureConnection" ThreadingModel="both" />
      </InProcessServer>
    </Extension>
    <Extension Category="windows.activatableClass.inProcessServer">
      <InProcessServer>
        <Path>Microsoft.Toolkit.Win32.UI.XamlHost.dll</Path>
        <ActivatableClass ActivatableClassId="Microsoft.Toolkit.Win32.UI.XamlHost.XamlApplication" ThreadingModel="both" />
      </InProcessServer>
    </Extension>
    <Extension Category="windows.activatableClass.inProcessServer">
      <InProcessServer>
        <Path>TerminalApp.dll</Path>
        <ActivatableClass ActivatableClassId="TerminalApp.ColorPickupFlyout" ThreadingModel="both" />
        <ActivatableClass ActivatableClassId="TerminalApp.App" ThreadingModel="both" />
        <ActivatableClass ActivatableClassId="TerminalApp.ActionPaletteItem" ThreadingModel="both" />
        <ActivatableClass ActivatableClassId="TerminalApp.HighlightedTextSegment" ThreadingModel="both" />
        <ActivatableClass ActivatableClassId="TerminalApp.CommandPalette" ThreadingModel="both" />
        <ActivatableClass ActivatableClassId="TerminalApp.XamlMetaDataProvider" ThreadingModel="both" />
        <ActivatableClass ActivatableClassId="TerminalApp.EmptyStringVisibilityConverter" ThreadingModel="both" />
        <ActivatableClass ActivatableClassId="TerminalApp.TaskbarState" ThreadingModel="both" />
        <ActivatableClass ActivatableClassId="TerminalApp.CommandLinePaletteItem" ThreadingModel="both" />
        <ActivatableClass ActivatableClassId="TerminalApp.TabPaletteItem" ThreadingModel="both" />
        <ActivatableClass ActivatableClassId="TerminalApp.FilteredCommand" ThreadingModel="both" />
        <ActivatableClass ActivatableClassId="TerminalApp.AppKeyBindings" ThreadingModel="both" />
        <ActivatableClass ActivatableClassId="TerminalApp.TerminalTabStatus" ThreadingModel="both" />
        <ActivatableClass ActivatableClassId="TerminalApp.TabRowControl" ThreadingModel="both" />
        <ActivatableClass ActivatableClassId="TerminalApp.HighlightedTextControl" ThreadingModel="both" />
        <ActivatableClass ActivatableClassId="TerminalApp.AppLogic" ThreadingModel="both" />
        <ActivatableClass ActivatableClassId="TerminalApp.PaletteItem" ThreadingModel="both" />
        <ActivatableClass ActivatableClassId="TerminalApp.PaletteItemTemplateSelector" ThreadingModel="both" />
        <ActivatableClass ActivatableClassId="TerminalApp.TabBase" ThreadingModel="both" />
        <ActivatableClass ActivatableClassId="TerminalApp.HighlightedText" ThreadingModel="both" />
        <ActivatableClass ActivatableClassId="TerminalApp.ShortcutActionDispatch" ThreadingModel="both" />
        <ActivatableClass ActivatableClassId="TerminalApp.TitlebarControl" ThreadingModel="both" />
        <ActivatableClass ActivatableClassId="TerminalApp.MinMaxCloseControl" ThreadingModel="both" />
        <ActivatableClass ActivatableClassId="TerminalApp.TabHeaderControl" ThreadingModel="both" />
        <ActivatableClass ActivatableClassId="TerminalApp.TerminalPage" ThreadingModel="both" />
      </InProcessServer>
    </Extension>
  </Extensions>
  <mp:PhoneIdentity PhoneProductId="3a855625-ba50-46d5-b806-cb4520089c64" PhonePublisherId="95d94207-0c7c-47ed-82db-d75c81153c35" />
  <build:Metadata>
    <build:Item Name="Microsoft.Build.DesktopBridge.Tasks.dll" Version="4.6.30319.200" />
    <build:Item Name="TargetFrameworkMoniker" Value=".NETFramework,Version=v4.5.1" />
    <build:Item Name="VisualStudio" Version="16.0" />
    <build:Item Name="OperatingSystem" Version="10.0.17763.1 (WinBuild.160101.0800)" />
    <build:Item Name="Microsoft.Build.AppxPackage.dll" Version="16.0.32425.466" />
    <build:Item Name="ProjectGUID" Value="CA5CAD1A-224A-4171-B13A-F16E576FDD12" />
    <build:Item Name="MakePri.exe" Version="10.0.22000.194 (WinBuild.160101.0800)" />
  </build:Metadata>
</Package>